fold,cm_0_0,cm_0_1,cm_0_2,cm_0_3,cm_0_4,cm_0_5,cm_0_6,cm_0_7,cm_0_8,cm_0_9,cm_0_10,cm_0_11,cm_0_12,cm_0_13,cm_0_14,cm_0_15,cm_1_0,cm_1_1,cm_1_2,cm_1_3,cm_1_4,cm_1_5,cm_1_6,cm_1_7,cm_1_8,cm_1_9,cm_1_10,cm_1_11,cm_1_12,cm_1_13,cm_1_14,cm_1_15,cm_2_0,cm_2_1,cm_2_2,cm_2_3,cm_2_4,cm_2_5,cm_2_6,cm_2_7,cm_2_8,cm_2_9,cm_2_10,cm_2_11,cm_2_12,cm_2_13,cm_2_14,cm_2_15,cm_3_0,cm_3_1,cm_3_2,cm_3_3,cm_3_4,cm_3_5,cm_3_6,cm_3_7,cm_3_8,cm_3_9,cm_3_10,cm_3_11,cm_3_12,cm_3_13,cm_3_14,cm_3_15,cm_4_0,cm_4_1,cm_4_2,cm_4_3,cm_4_4,cm_4_5,cm_4_6,cm_4_7,cm_4_8,cm_4_9,cm_4_10,cm_4_11,cm_4_12,cm_4_13,cm_4_14,cm_4_15,cm_5_0,cm_5_1,cm_5_2,cm_5_3,cm_5_4,cm_5_5,cm_5_6,cm_5_7,cm_5_8,cm_5_9,cm_5_10,cm_5_11,cm_5_12,cm_5_13,cm_5_14,cm_5_15,cm_6_0,cm_6_1,cm_6_2,cm_6_3,cm_6_4,cm_6_5,cm_6_6,cm_6_7,cm_6_8,cm_6_9,cm_6_10,cm_6_11,cm_6_12,cm_6_13,cm_6_14,cm_6_15,cm_7_0,cm_7_1,cm_7_2,cm_7_3,cm_7_4,cm_7_5,cm_7_6,cm_7_7,cm_7_8,cm_7_9,cm_7_10,cm_7_11,cm_7_12,cm_7_13,cm_7_14,cm_7_15,cm_8_0,cm_8_1,cm_8_2,cm_8_3,cm_8_4,cm_8_5,cm_8_6,cm_8_7,cm_8_8,cm_8_9,cm_8_10,cm_8_11,cm_8_12,cm_8_13,cm_8_14,cm_8_15,cm_9_0,cm_9_1,cm_9_2,cm_9_3,cm_9_4,cm_9_5,cm_9_6,cm_9_7,cm_9_8,cm_9_9,cm_9_10,cm_9_11,cm_9_12,cm_9_13,cm_9_14,cm_9_15,cm_10_0,cm_10_1,cm_10_2,cm_10_3,cm_10_4,cm_10_5,cm_10_6,cm_10_7,cm_10_8,cm_10_9,cm_10_10,cm_10_11,cm_10_12,cm_10_13,cm_10_14,cm_10_15,cm_11_0,cm_11_1,cm_11_2,cm_11_3,cm_11_4,cm_11_5,cm_11_6,cm_11_7,cm_11_8,cm_11_9,cm_11_10,cm_11_11,cm_11_12,cm_11_13,cm_11_14,cm_11_15,cm_12_0,cm_12_1,cm_12_2,cm_12_3,cm_12_4,cm_12_5,cm_12_6,cm_12_7,cm_12_8,cm_12_9,cm_12_10,cm_12_11,cm_12_12,cm_12_13,cm_12_14,cm_12_15,cm_13_0,cm_13_1,cm_13_2,cm_13_3,cm_13_4,cm_13_5,cm_13_6,cm_13_7,cm_13_8,cm_13_9,cm_13_10,cm_13_11,cm_13_12,cm_13_13,cm_13_14,cm_13_15,cm_14_0,cm_14_1,cm_14_2,cm_14_3,cm_14_4,cm_14_5,cm_14_6,cm_14_7,cm_14_8,cm_14_9,cm_14_10,cm_14_11,cm_14_12,cm_14_13,cm_14_14,cm_14_15,cm_15_0,cm_15_1,cm_15_2,cm_15_3,cm_15_4,cm_15_5,cm_15_6,cm_15_7,cm_15_8,cm_15_9,cm_15_10,cm_15_11,cm_15_12,cm_15_13,cm_15_14,cm_15_15
0,0,0,0,0,0,0,0,0,0,0,0,0,0,0,80,0,0,0,0,80,0,0,0,0,0,0,0,0,0,0,0,0,0,0,0,0,0,0,0,0,80,0,0,0,0,0,0,0,0,80,0,0,0,0,0,0,0,0,0,0,0,0,0,0,0,0,20,0,0,1,0,0,0,0,26,30,0,3,0,0,0,0,3,0,3,0,0,0,0,39,3,2,30,0,0,0,0,0,31,0,7,0,0,0,1,0,0,0,0,39,0,2,0,4,0,72,0,0,0,0,0,4,0,0,0,0,0,0,0,0,79,0,0,0,0,0,0,0,0,1,0,0,0,0,0,28,0,17,0,6,0,0,0,0,0,0,29,0,0,0,0,0,0,0,65,1,0,0,0,0,0,14,0,0,0,0,0,0,1,0,65,0,0,0,1,0,10,0,0,3,0,0,0,0,0,15,0,4,0,0,0,61,0,0,0,0,0,0,0,0,0,0,54,0,20,0,0,0,0,6,0,0,0,0,74,0,0,0,0,0,3,3,0,0,0,0,0,0,0,0,0,0,38,0,10,0,22,0,0,0,0,9,0,1,0,0
1,0,0,0,0,0,0,26,0,0,0,0,0,0,3,51,0,0,0,0,80,0,0,0,0,0,0,0,0,0,0,0,0,0,0,0,0,0,0,0,0,80,0,0,0,0,0,0,0,0,80,0,0,0,0,0,0,0,0,0,0,0,0,0,0,0,0,1,0,0,0,0,0,0,0,24,46,0,9,0,0,0,0,7,0,0,0,0,0,1,54,3,1,14,0,0,0,0,0,62,0,8,0,0,0,0,0,0,0,0,10,0,0,0,24,0,52,0,0,0,0,0,4,0,0,0,0,0,0,0,0,80,0,0,0,0,0,0,0,0,0,0,0,0,0,0,10,0,34,0,20,0,0,0,0,0,0,16,0,0,0,0,0,0,0,64,3,0,0,0,0,0,13,0,0,0,0,0,0,0,0,68,0,0,0,0,0,8,0,0,4,0,0,0,0,0,9,0,19,0,0,0,51,0,0,0,1,0,0,0,0,0,0,60,0,8,0,0,0,0,12,0,0,0,0,43,0,0,0,0,0,2,4,0,0,0,0,0,31,0,0,0,1,31,0,11,0,22,0,0,0,0,15,0,0,0,0
2,0,0,0,0,0,0,80,0,0,0,0,0,0,0,0,0,0,0,0,78,0,0,0,2,0,0,0,0,0,0,0,0,0,0,0,0,0,0,0,0,80,0,0,0,0,0,0,0,0,80,0,0,0,0,0,0,0,0,0,0,0,0,0,0,0,0,1,0,0,0,0,0,0,0,24,31,0,24,0,0,0,0,9,0,0,0,0,0,1,47,1,1,21,0,0,0,0,0,22,0,8,0,0,0,1,0,0,0,0,9,0,40,0,58,0,0,0,0,0,0,0,19,0,0,3,0,0,0,0,0,80,0,0,0,0,0,0,0,0,0,0,0,0,0,0,26,0,14,0,11,0,14,0,0,0,0,15,0,0,0,0,0,0,0,61,0,0,0,0,0,0,19,0,0,0,0,0,0,0,0,50,0,0,0,0,0,26,0,0,0,0,4,0,0,0,15,0,20,0,6,0,38,1,0,0,0,0,0,0,0,0,0,71,0,0,0,0,0,0,9,0,0,0,0,35,0,0,1,0,0,2,5,0,0,0,0,1,33,0,3,0,0,38,0,8,0,22,0,0,0,0,11,0,1,0,0
3,0,0,0,0,0,0,80,0,0,0,0,0,0,0,0,0,0,0,0,80,0,0,0,0,0,0,0,0,0,0,0,0,0,0,0,0,0,0,0,0,80,0,0,0,0,0,0,0,0,80,0,0,0,0,0,0,0,0,0,0,0,0,0,0,0,0,14,0,0,0,0,0,0,0,27,38,0,1,0,0,0,0,2,0,1,0,0,0,7,68,0,2,0,0,0,0,0,0,21,0,9,0,0,0,1,0,0,0,0,26,0,23,0,68,0,3,0,0,0,0,0,3,0,0,6,0,0,0,0,0,80,0,0,0,0,0,0,0,0,0,0,0,0,0,0,35,0,6,0,33,0,1,0,0,0,0,5,0,0,0,0,0,0,0,64,0,0,0,0,0,0,16,0,0,0,0,0,0,1,0,57,0,0,0,1,0,21,0,0,0,0,0,0,1,0,9,0,16,0,15,0,38,1,0,0,0,0,0,0,0,0,0,64,0,9,0,0,0,0,7,0,0,0,0,6,0,0,0,0,0,3,22,0,0,0,0,0,49,0,0,0,2,32,0,11,0,21,0,0,0,0,13,0,1,0,0
4,0,0,0,0,0,0,0,0,0,0,0,0,0,0,80,0,0,0,0,80,0,0,0,0,0,0,0,0,0,0,0,0,0,0,0,0,0,0,0,0,80,0,0,0,0,0,0,0,0,80,0,0,0,0,0,0,0,0,0,0,0,0,0,0,0,0,7,0,0,2,0,0,0,0,23,43,0,5,0,0,0,0,8,0,0,0,0,0,0,8,5,1,58,0,0,0,0,0,38,0,5,0,0,0,1,0,0,0,0,25,0,11,0,60,0,18,0,0,0,0,0,0,1,0,1,0,0,0,0,0,78,0,0,0,0,0,0,0,0,2,0,0,0,0,0,19,0,25,0,1,0,0,0,0,0,0,35,0,0,0,0,0,0,0,76,2,0,0,0,0,0,2,0,0,0,0,0,0,1,0,62,0,0,0,3,0,10,0,0,4,0,0,0,0,0,16,0,29,0,0,0,35,0,0,0,0,0,0,0,0,0,0,43,0,20,0,0,0,0,17,0,0,0,0,61,0,0,0,0,0,1,1,0,0,0,0,1,16,0,0,0,0,35,0,10,0,21,0,0,0,1,12,0,1,0,0
5,0,0,0,0,0,0,0,0,0,0,0,0,0,0,80,0,0,0,0,80,0,0,0,0,0,0,0,0,0,0,0,0,0,0,0,0,0,0,0,0,80,0,0,0,0,0,0,0,0,80,0,0,0,0,0,0,0,0,0,0,0,0,0,0,0,0,1,0,0,0,0,0,1,0,24,44,0,10,0,0,0,0,5,0,0,0,0,0,1,66,2,2,4,0,0,0,0,0,19,0,7,0,0,0,0,0,0,0,0,17,0,37,0,19,0,57,0,0,0,0,0,4,0,0,0,0,0,0,0,0,80,0,0,0,0,0,0,0,0,0,0,0,0,0,0,38,0,5,0,33,0,0,0,0,0,0,4,0,0,0,0,0,0,0,64,1,0,0,0,0,0,15,0,0,0,0,0,0,2,0,55,0,0,0,1,0,20,0,0,0,0,2,0,0,0,9,0,21,0,0,0,49,1,0,0,0,0,0,0,0,0,0,51,0,16,0,0,0,0,13,0,0,0,0,75,0,0,0,0,0,0,1,0,0,0,0,0,0,0,4,0,0,15,0,13,0,38,0,0,0,0,13,0,1,0,0
6,0,0,0,0,0,0,41,0,0,0,0,0,0,1,38,0,0,0,0,75,0,0,0,0,0,5,0,0,0,0,0,0,0,0,0,0,0,0,0,0,80,0,0,0,0,0,0,0,0,80,0,0,0,0,0,0,0,0,0,0,0,0,0,0,0,0,0,0,0,0,0,0,0,0,23,44,0,13,0,0,0,0,8,0,1,0,0,0,0,49,2,2,18,0,0,0,0,0,44,0,6,0,0,0,0,0,0,0,0,30,0,0,0,39,0,11,0,0,0,0,0,8,0,0,22,0,0,0,0,0,80,0,0,0,0,0,0,0,0,0,0,0,0,0,0,39,0,5,0,7,0,0,0,0,1,0,28,0,0,0,0,0,0,0,65,0,0,0,0,0,0,15,0,0,0,0,0,0,0,0,69,0,0,0,0,0,11,0,0,0,0,0,0,0,0,3,0,9,0,10,0,58,0,0,0,0,0,0,0,0,0,0,57,0,10,0,0,0,0,13,0,0,0,0,69,0,0,0,0,0,3,8,0,0,0,0,0,0,0,0,0,3,30,0,5,0,19,0,0,0,3,19,0,1,0,0
7,0,0,0,0,0,0,61,0,0,0,0,0,0,1,18,0,0,0,0,80,0,0,0,0,0,0,0,0,0,0,0,0,0,0,0,0,0,0,0,0,80,0,0,0,0,0,0,0,0,80,0,0,0,0,0,0,0,0,0,0,0,0,0,0,0,0,15,0,0,3,0,0,0,0,26,22,0,14,0,0,0,0,8,0,1,0,0,0,1,21,4,1,44,0,0,0,0,0,47,0,7,0,0,0,2,0,0,0,0,24,0,0,0,8,0,67,0,1,0,0,0,4,0,0,0,0,0,0,0,0,79,0,0,0,0,0,0,0,0,1,0,0,0,0,0,3,0,36,0,1,0,0,0,0,0,0,40,0,0,0,0,0,0,0,60,7,1,0,0,0,0,12,0,0,0,0,0,0,0,0,61,0,0,0,0,0,12,0,0,7,0,0,0,0,0,12,0,24,0,0,0,44,0,0,0,0,0,0,0,0,0,0,48,0,20,0,0,0,0,12,0,0,0,0,49,0,0,0,0,0,4,3,0,0,0,0,0,24,0,0,0,0,21,0,8,0,38,0,0,0,0,12,0,1,0,0
8,0,0,0,0,0,0,52,0,0,0,0,0,0,3,25,0,0,0,0,78,0,0,0,0,0,2,0,0,0,0,0,0,0,0,0,0,0,0,0,0,80,0,0,0,0,0,0,0,0,80,0,0,0,0,0,0,0,0,0,0,0,0,0,0,0,0,2,0,0,0,0,0,0,0,25,39,0,14,0,0,0,0,9,0,0,0,0,0,0,56,1,0,14,0,0,0,0,0,55,0,7,0,0,0,1,0,0,0,0,17,0,0,0,40,0,21,0,0,0,0,0,14,0,0,5,0,0,0,0,0,80,0,0,0,0,0,0,0,0,0,0,0,0,0,0,40,0,5,0,25,0,0,0,0,0,0,10,0,0,0,0,0,0,0,65,0,0,0,0,0,0,15,0,0,0,0,0,0,0,0,64,0,0,0,1,0,12,0,1,1,0,1,0,0,0,0,0,19,0,13,0,46,0,0,0,2,0,0,0,0,0,0,74,0,3,0,0,0,1,2,0,0,0,0,16,0,0,0,0,0,0,19,0,0,0,0,7,38,0,0,0,9,36,0,12,0,12,0,0,0,0,10,0,1,0,0
9,0,0,0,0,0,0,0,0,0,0,0,0,0,0,80,0,0,0,0,62,0,0,0,0,0,18,0,0,0,0,0,0,0,0,0,0,0,0,0,0,80,0,0,0,0,0,0,0,0,80,0,0,0,0,0,0,0,0,0,0,0,0,0,0,0,0,2,0,0,0,0,0,0,0,27,47,0,4,0,0,0,0,11,0,0,0,0,0,1,49,0,0,19,0,0,0,0,0,47,0,8,0,0,0,1,0,0,0,0,22,0,2,0,50,0,4,0,0,0,0,0,25,0,0,1,0,0,0,0,0,79,0,0,0,0,0,0,0,0,1,0,0,0,0,0,43,0,1,0,8,0,2,0,0,0,0,26,0,0,0,0,0,0,0,66,0,0,0,0,0,0,13,1,0,0,0,0,0,0,0,56,0,0,0,1,0,22,0,0,1,0,0,0,0,0,19,0,10,0,0,0,51,0,0,0,0,0,0,0,0,0,0,62,0,2,0,0,0,0,16,0,0,0,0,80,0,0,0,0,0,0,0,0,0,0,0,0,0,0,0,0,0,47,0,6,0,20,0,1,0,1,5,0,0,0,0
10,0,0,0,0,0,0,0,0,0,0,0,0,0,0,80,0,0,0,0,80,0,0,0,0,0,0,0,0,0,0,0,0,0,0,0,0,0,0,0,0,80,0,0,0,0,0,0,0,0,80,0,0,0,0,0,0,0,0,0,0,0,0,0,0,0,0,2,0,0,0,0,0,0,0,27,44,0,7,0,0,0,0,11,0,1,0,0,0,1,2,3,1,61,0,0,0,0,0,43,0,9,0,0,0,1,0,0,0,0,27,0,0,0,2,0,75,0,0,0,0,0,3,0,0,0,0,0,0,0,0,80,0,0,0,0,0,0,0,0,0,0,0,0,0,0,15,0,28,0,0,0,0,0,0,1,0,36,0,0,0,0,0,0,0,63,0,0,0,0,0,0,15,2,0,0,0,0,0,0,0,75,0,0,0,0,0,4,0,0,1,0,0,0,0,0,15,0,16,0,0,0,49,0,0,0,0,0,0,0,0,0,0,54,0,14,0,0,0,0,12,0,0,0,0,45,0,0,0,0,0,1,2,0,0,0,0,0,32,0,0,0,2,38,0,10,0,20,0,1,0,0,8,0,1,0,0
11,0,0,0,0,0,0,54,0,0,0,0,0,0,0,26,0,0,0,0,79,0,0,0,0,0,1,0,0,0,0,0,0,0,0,0,0,0,0,0,0,80,0,0,0,0,0,0,0,0,80,0,0,0,0,0,0,0,0,0,0,0,0,0,0,0,0,0,0,0,0,0,0,0,0,23,48,0,9,0,0,0,0,6,0,0,0,0,0,0,39,2,3,30,0,0,0,0,0,36,0,6,0,0,0,0,0,0,0,0,23,0,15,0,52,0,7,0,0,0,0,0,10,0,0,11,0,0,0,0,0,80,0,0,0,0,0,0,0,0,0,0,0,0,0,0,30,0,16,0,14,0,5,0,0,0,0,15,0,0,0,0,0,0,0,63,0,0,0,0,0,0,17,0,0,0,0,0,0,0,0,47,0,0,0,0,0,26,0,0,0,0,7,0,0,0,11,0,18,0,6,0,45,0,0,0,0,0,0,0,0,0,0,62,0,4,0,0,0,0,14,0,0,0,0,57,0,0,0,0,0,0,10,0,0,0,0,3,10,0,0,0,0,31,0,8,0,23,0,0,0,0,17,0,1,0,0
12,0,0,0,0,0,0,80,0,0,0,0,0,0,0,0,0,0,0,0,80,0,0,0,0,0,0,0,0,0,0,0,0,0,0,0,0,0,0,0,0,80,0,0,0,0,0,0,0,0,80,0,0,0,0,0,0,0,0,0,0,0,0,0,0,0,0,20,0,0,1,0,0,0,0,17,37,0,5,0,0,0,0,4,0,4,0,0,0,0,52,2,1,17,0,0,0,0,0,55,0,9,0,0,0,0,0,0,0,0,16,0,0,0,56,0,21,0,0,0,0,0,3,0,0,0,0,0,0,0,0,80,0,0,0,0,0,0,0,0,0,0,0,0,0,0,8,0,18,0,15,0,0,0,0,0,0,39,0,0,0,0,0,0,0,72,1,0,0,0,0,0,7,0,0,0,0,0,0,0,0,70,0,0,0,0,0,10,0,0,0,0,0,0,0,0,8,0,12,0,1,0,59,0,0,0,0,0,0,0,0,0,0,73,0,2,0,0,0,0,5,0,0,0,0,7,0,0,0,0,0,4,22,0,0,0,0,0,47,0,0,0,0,41,0,5,0,18,0,0,0,0,15,0,1,0,0
13,0,0,0,0,0,0,80,0,0,0,0,0,0,0,0,0,0,0,0,78,0,0,0,1,0,1,0,0,0,0,0,0,0,0,0,0,0,0,0,0,80,0,0,0,0,0,0,0,0,80,0,0,0,0,0,0,0,0,0,0,0,0,0,0,0,0,1,0,0,0,0,0,0,0,28,43,0,8,0,0,0,0,5,0,1,0,0,0,1,54,1,3,15,0,0,0,0,0,45,0,7,0,0,0,0,0,0,0,0,21,0,7,0,31,0,0,0,0,0,0,0,36,0,0,13,0,0,0,0,0,80,0,0,0,0,0,0,0,0,0,0,0,0,0,0,38,0,5,0,17,0,6,0,0,0,0,14,0,0,0,0,0,0,0,62,0,0,0,0,0,0,18,0,0,0,0,0,0,0,0,62,0,0,0,0,0,18,0,0,0,0,0,0,0,0,14,0,17,0,1,0,48,0,0,0,0,0,0,0,0,0,0,71,0,0,0,0,0,0,9,0,0,0,0,60,0,0,0,0,0,0,4,0,0,0,0,10,6,0,0,0,0,33,0,11,0,19,0,0,0,0,17,0,0,0,0
14,0,0,0,0,0,0,80,0,0,0,0,0,0,0,0,0,0,0,0,76,0,0,0,4,0,0,0,0,0,0,0,0,0,0,0,0,0,0,0,0,80,0,0,0,0,0,0,0,0,80,0,0,0,0,0,0,0,0,0,0,0,0,0,0,0,0,0,0,0,0,0,0,0,0,29,45,0,6,0,0,0,0,5,0,0,0,0,0,1,35,1,3,35,0,0,0,0,0,16,0,7,0,0,0,0,0,0,0,0,21,0,36,0,58,0,0,0,0,0,0,0,12,0,0,10,0,0,0,0,0,80,0,0,0,0,0,0,0,0,0,0,0,0,0,0,31,0,8,0,14,0,15,0,0,0,0,12,0,0,0,0,0,0,0,64,0,0,0,0,0,0,16,0,0,0,0,0,0,1,0,45,0,0,0,1,0,31,0,0,0,0,2,0,0,0,7,0,44,0,12,0,17,0,0,0,0,0,0,0,0,0,0,75,0,0,0,0,0,0,5,0,0,0,0,11,0,0,0,0,0,2,21,0,0,0,0,1,45,0,0,0,0,35,0,9,0,24,0,0,0,0,12,0,0,0,0
15,0,0,0,0,0,0,0,0,0,0,0,0,0,0,80,0,0,0,0,80,0,0,0,0,0,0,0,0,0,0,0,0,0,0,0,0,0,0,0,0,80,0,0,0,0,0,0,0,0,80,0,0,0,0,0,0,0,0,0,0,0,0,0,0,0,0,18,0,0,18,0,0,0,0,26,14,0,4,0,0,0,0,11,0,0,0,0,0,0,64,1,1,3,0,0,0,0,0,43,0,6,0,0,0,1,0,0,0,0,19,0,11,0,9,0,67,0,0,0,0,0,3,0,0,1,0,0,0,0,0,79,0,0,0,0,0,0,0,0,1,0,0,0,0,0,35,0,11,0,25,0,0,0,0,0,0,9,0,0,0,0,0,0,0,72,0,0,0,0,0,0,8,0,0,0,0,0,0,1,0,53,0,0,0,3,0,22,0,0,1,0,0,0,2,0,13,0,4,0,0,0,61,0,0,0,0,0,0,0,0,0,0,46,0,18,0,0,0,0,16,0,0,0,0,80,0,0,0,0,0,0,0,0,0,0,0,0,0,0,0,0,0,35,0,9,0,24,0,0,0,0,11,0,1,0,0
16,0,0,0,0,0,0,8,0,0,0,0,0,0,0,72,0,0,0,0,80,0,0,0,0,0,0,0,0,0,0,0,0,0,0,0,0,0,0,0,0,80,0,0,0,0,0,0,0,0,80,0,0,0,0,0,0,0,0,0,0,0,0,0,0,0,0,32,0,0,2,0,0,0,0,25,18,0,3,0,0,0,0,8,0,0,0,0,0,1,69,0,1,1,0,0,0,0,0,50,0,8,0,0,0,1,0,0,0,0,13,0,8,0,3,0,72,0,0,0,0,0,5,0,0,0,0,0,0,0,0,80,0,0,0,0,0,0,0,0,0,0,0,0,0,0,11,0,37,0,21,0,2,0,0,0,0,9,0,0,0,0,0,0,0,67,0,0,0,0,0,0,13,0,0,0,0,0,0,1,0,57,0,0,0,0,0,17,0,0,5,0,0,0,0,0,17,0,0,0,0,0,57,6,0,0,0,0,0,0,0,0,0,42,0,21,0,0,0,0,17,0,0,0,0,75,0,0,0,0,0,2,3,0,0,0,0,0,0,0,0,0,0,29,0,13,0,23,0,0,0,0,14,0,1,0,0
17,0,0,0,0,0,0,52,0,0,0,0,0,0,0,28,0,0,0,0,80,0,0,0,0,0,0,0,0,0,0,0,0,0,0,0,0,0,0,0,0,80,0,0,0,0,0,0,0,0,80,0,0,0,0,0,0,0,0,0,0,0,0,0,0,0,0,24,0,0,1,0,0,1,0,22,23,0,9,0,0,0,0,2,0,3,0,0,0,0,60,2,3,10,0,0,0,0,0,52,0,6,0,0,0,0,0,0,0,0,21,0,1,0,29,0,44,0,0,0,0,0,6,0,0,1,0,0,0,0,0,80,0,0,0,0,0,0,0,0,0,0,0,0,0,0,9,0,30,0,36,0,0,0,0,0,0,5,0,0,0,0,0,0,0,63,0,0,0,0,0,0,17,0,0,0,0,0,0,2,0,58,0,0,0,0,0,18,0,0,2,0,0,0,0,0,3,0,26,0,11,0,38,2,0,0,0,0,0,0,0,0,0,70,0,6,0,0,0,0,4,0,0,0,0,4,0,0,0,0,0,2,21,0,0,0,0,1,52,0,0,0,0,34,0,10,0,23,0,0,0,0,12,0,1,0,0
18,0,0,0,0,0,0,10,0,0,0,0,0,0,17,53,0,0,0,0,80,0,0,0,0,0,0,0,0,0,0,0,0,0,0,0,0,0,0,0,0,80,0,0,0,0,0,0,0,0,80,0,0,0,0,0,0,0,0,0,0,0,0,0,0,0,0,2,0,0,1,0,0,0,0,26,45,0,6,0,0,0,0,0,0,5,0,0,0,2,62,1,1,9,0,0,0,0,0,57,0,8,0,0,0,2,0,0,0,0,13,0,0,0,4,0,69,0,0,0,0,0,7,0,0,0,0,0,0,0,0,80,0,0,0,0,0,0,0,0,0,0,0,0,0,0,5,0,37,0,18,0,5,0,0,0,0,15,0,0,0,0,0,0,0,59,0,0,0,0,0,0,21,0,0,0,0,0,0,0,0,52,0,0,0,0,0,27,0,0,1,0,0,0,0,0,2,0,14,0,5,0,59,0,0,0,0,0,0,0,0,0,0,53,0,14,0,0,0,0,13,0,0,0,0,36,0,0,0,0,0,0,11,0,0,0,0,0,33,0,0,0,0,36,0,12,0,21,0,0,0,0,11,0,0,0,0
19,0,0,0,0,0,0,9,0,0,0,0,0,0,1,70,0,0,0,0,79,0,0,0,0,0,1,0,0,0,0,0,0,0,0,0,0,0,0,0,0,80,0,0,0,0,0,0,0,0,80,0,0,0,0,0,0,0,0,0,0,0,0,0,0,0,0,2,0,0,0,0,0,0,0,23,44,0,11,0,0,0,0,4,0,1,0,0,0,1,49,3,3,19,0,0,0,0,0,36,0,6,0,0,0,1,0,0,2,0,29,0,6,0,7,0,34,0,0,0,0,0,31,0,0,8,0,0,0,0,0,79,0,0,0,0,0,0,0,0,1,0,0,0,0,0,24,0,9,0,2,0,16,0,0,0,0,29,0,0,0,0,0,0,0,80,0,0,0,0,0,0,0,0,0,0,0,0,0,0,0,79,0,0,0,1,0,0,0,0,0,0,0,0,0,0,17,0,13,0,0,0,50,0,0,0,0,0,0,0,0,0,0,57,0,9,0,0,0,0,14,0,0,0,0,55,0,0,0,0,0,3,15,0,0,0,0,1,6,0,0,0,2,35,0,11,0,18,0,2,0,0,11,0,1,0,0
20,0,0,0,0,0,0,3,0,0,0,0,0,0,0,77,0,0,0,0,80,0,0,0,0,0,0,0,0,0,0,0,0,0,0,0,0,0,0,0,0,80,0,0,0,0,0,0,0,0,80,0,0,0,0,0,0,0,0,0,0,0,0,0,0,0,0,24,0,0,8,0,0,0,0,29,15,0,4,0,0,0,0,5,0,0,0,0,0,2,59,2,0,12,0,0,0,0,0,54,0,6,0,0,0,3,0,0,0,0,17,0,0,0,6,0,66,0,0,0,0,0,5,0,0,0,0,3,0,0,0,80,0,0,0,0,0,0,0,0,0,0,0,0,0,0,6,0,34,0,25,0,0,0,0,0,0,15,0,0,0,0,0,0,0,66,2,0,0,0,0,0,12,0,0,0,0,0,0,2,0,51,0,0,0,1,0,20,0,0,6,0,0,0,0,0,12,0,14,0,0,0,54,0,0,0,0,0,0,0,0,0,0,36,0,20,0,0,0,0,24,0,0,0,0,36,0,0,0,0,0,3,11,0,0,0,0,0,30,0,0,0,1,19,0,9,0,38,0,1,0,0,12,0,0,0,0
21,0,0,0,0,0,0,25,0,0,0,0,0,0,0,55,0,0,0,0,78,0,0,0,1,0,1,0,0,0,0,0,0,0,0,0,0,0,0,0,0,80,0,0,0,0,0,0,0,0,80,0,0,0,0,0,0,0,0,0,0,0,0,0,0,0,0,14,0,0,0,0,0,1,0,26,37,0,2,0,0,0,0,7,0,0,0,0,0,4,69,0,0,0,0,0,0,0,0,17,0,10,0,0,0,0,0,0,0,0,39,0,14,0,61,0,0,0,0,0,0,0,18,0,0,1,0,0,0,0,0,80,0,0,0,0,0,0,0,0,0,0,0,0,0,0,41,0,0,0,10,0,15,0,0,0,0,14,0,0,0,0,0,0,0,77,0,0,0,0,0,0,0,3,0,0,0,0,0,0,0,78,0,0,0,0,0,0,0,0,0,0,2,0,0,0,0,0,0,0,13,0,67,0,0,0,0,0,0,0,0,0,0,77,0,0,0,0,0,0,3,0,0,0,0,30,0,0,0,0,0,0,0,0,0,0,0,12,38,0,0,0,0,34,0,7,0,23,0,0,0,0,15,0,1,0,0
22,0,0,0,0,0,0,7,0,0,0,0,0,0,2,71,0,0,0,0,79,0,0,0,0,0,1,0,0,0,0,0,0,0,0,0,0,0,0,0,0,80,0,0,0,0,0,0,0,0,80,0,0,0,0,0,0,0,0,0,0,0,0,0,0,0,0,1,0,0,1,0,0,0,0,24,42,0,12,0,0,0,0,10,0,0,0,0,0,0,20,3,2,45,0,0,0,0,0,43,0,7,0,0,0,0,0,0,0,0,30,0,0,0,31,0,41,0,0,0,0,0,1,0,0,1,0,6,0,0,0,80,0,0,0,0,0,0,0,0,0,0,0,0,0,0,13,0,33,0,1,0,0,0,0,0,0,33,0,0,0,0,0,0,0,71,1,0,0,0,0,0,8,0,0,0,0,0,0,0,0,64,0,0,0,0,0,12,0,0,4,0,0,0,4,0,11,0,17,0,1,0,47,0,0,0,0,0,0,0,0,0,0,51,0,19,0,0,0,0,10,0,0,0,0,65,0,0,0,0,0,3,9,0,0,0,0,0,3,0,0,0,2,34,0,10,0,22,0,0,0,0,9,0,3,0,0
23,0,0,0,0,0,0,65,0,0,0,0,0,0,0,15,0,0,0,0,79,0,0,0,0,0,1,0,0,0,0,0,0,0,0,0,0,0,0,0,0,80,0,0,0,0,0,0,0,0,80,0,0,0,0,0,0,0,0,0,0,0,0,0,0,0,0,2,0,0,2,0,0,0,0,26,40,0,10,0,0,0,0,0,0,7,0,0,0,0,53,3,4,13,0,0,0,0,0,39,0,6,0,0,0,1,0,0,0,0,34,0,0,0,45,0,1,0,0,0,0,0,24,0,0,10,0,0,0,0,0,80,0,0,0,0,0,0,0,0,0,0,0,0,0,0,10,0,32,0,29,0,1,0,0,0,0,8,0,0,0,0,0,0,0,78,2,0,0,0,0,0,0,0,0,0,0,0,0,0,0,66,0,0,0,3,0,4,0,0,0,0,7,0,0,0,0,0,14,0,17,0,49,0,0,0,0,0,0,0,0,0,0,59,0,13,0,0,0,0,8,0,0,0,0,71,0,0,0,0,0,0,9,0,0,0,0,0,0,0,0,0,2,29,0,15,0,19,0,0,0,0,15,0,0,0,0
24,0,0,0,0,0,0,0,0,0,0,0,0,0,0,80,0,0,0,0,78,0,0,0,0,0,2,0,0,0,0,0,0,0,0,0,0,0,0,0,0,80,0,0,0,0,0,0,0,0,80,0,0,0,0,0,0,0,0,0,0,0,0,0,0,0,0,3,0,0,0,0,0,0,0,23,46,0,8,0,0,0,0,11,0,0,0,0,0,0,49,0,1,19,0,0,0,0,0,41,0,6,0,0,0,1,0,0,0,0,13,0,19,0,67,0,1,0,0,0,0,0,7,0,0,5,0,0,0,0,0,80,0,0,0,0,0,0,0,0,0,0,0,0,0,0,22,0,23,0,11,0,3,0,0,0,0,21,0,0,0,0,0,0,0,57,0,0,0,0,0,0,23,0,0,0,0,0,0,0,0,37,0,0,0,0,0,43,0,0,0,0,0,0,0,0,14,0,11,0,1,0,54,0,0,0,0,0,0,0,0,0,0,70,0,0,0,0,0,0,10,0,0,0,0,80,0,0,0,0,0,0,0,0,0,0,0,0,0,0,0,0,0,34,0,11,0,22,0,0,0,0,12,0,1,0,0
25,0,0,0,0,0,0,1,0,0,0,0,0,0,79,0,0,0,0,0,76,0,0,0,4,0,0,0,0,0,0,0,0,0,0,0,0,0,0,0,0,80,0,0,0,0,0,0,0,0,80,0,0,0,0,0,0,0,0,0,0,0,0,0,0,0,0,0,0,0,0,1,0,0,0,27,42,0,10,0,0,0,0,14,0,0,0,0,0,1,10,1,1,53,0,0,0,0,0,67,0,8,0,0,0,1,0,0,0,0,4,0,0,0,60,0,1,0,0,0,0,0,11,0,0,8,0,0,0,0,0,80,0,0,0,0,0,0,0,0,0,0,0,0,0,0,19,0,26,0,0,0,6,0,0,2,0,27,0,0,0,0,0,0,0,60,0,0,0,0,0,0,20,0,0,0,0,0,0,0,0,60,0,0,0,1,0,16,0,0,0,0,3,0,0,0,2,0,21,0,15,0,41,0,0,0,1,0,0,0,0,0,0,71,0,0,0,0,0,0,9,0,0,0,0,0,0,0,0,0,0,0,12,0,0,0,0,10,58,0,0,0,0,32,0,11,0,23,0,0,0,0,13,0,1,0,0
26,0,0,0,0,0,0,0,0,0,0,0,0,0,0,80,0,0,0,0,80,0,0,0,0,0,0,0,0,0,0,0,0,0,0,0,0,0,0,0,0,80,0,0,0,0,0,0,0,0,80,0,0,0,0,0,0,0,0,0,0,0,0,0,0,0,0,1,0,0,0,0,0,0,0,23,45,0,11,0,0,0,0,2,0,0,0,0,0,2,54,2,2,18,0,0,0,0,0,52,0,6,0,0,0,0,0,0,0,0,14,0,8,0,34,0,42,0,0,0,0,0,1,0,0,3,0,0,0,0,0,80,0,0,0,0,0,0,0,0,0,0,0,0,0,0,18,0,23,0,21,0,0,0,0,0,0,18,0,0,0,0,0,0,0,61,0,0,0,0,0,0,18,1,0,0,0,0,0,0,0,69,0,0,0,0,0,4,0,0,7,0,0,0,0,0,17,0,22,0,0,0,41,0,0,0,0,0,0,0,0,0,0,47,0,14,0,0,0,0,19,0,0,0,0,79,0,0,0,0,0,0,0,0,0,0,0,0,1,0,0,0,0,37,0,10,0,23,0,0,0,0,10,0,0,0,0
27,0,0,0,0,0,0,80,0,0,0,0,0,0,0,0,0,0,0,0,79,0,0,0,0,0,1,0,0,0,0,0,0,0,0,0,0,0,0,0,0,80,0,0,0,0,0,0,0,0,80,0,0,0,0,0,0,0,0,0,0,0,0,0,0,0,0,24,0,0,1,0,0,0,0,22,32,0,1,0,0,0,0,9,0,1,0,0,0,0,65,3,2,0,0,0,0,0,0,17,0,6,0,0,0,0,0,0,0,0,12,0,45,0,62,0,14,0,0,0,0,0,4,0,0,0,0,0,0,0,0,80,0,0,0,0,0,0,0,0,0,0,0,0,0,0,13,0,26,0,31,0,0,0,0,0,0,10,0,0,0,0,0,0,0,76,0,0,0,0,0,0,4,0,0,0,0,0,0,0,0,71,0,0,0,0,0,7,0,0,0,0,2,0,0,0,12,0,12,0,1,0,55,0,0,0,0,0,0,0,0,0,0,55,0,16,0,0,0,0,9,0,0,0,0,59,0,0,0,0,0,1,0,0,0,0,0,0,20,0,0,0,0,32,0,14,0,19,0,0,0,0,14,0,1,0,0
28,0,0,0,0,0,0,0,0,0,0,0,0,0,0,80,0,0,0,0,80,0,0,0,0,0,0,0,0,0,0,0,0,0,0,0,0,0,0,0,0,80,0,0,0,0,0,0,0,0,80,0,0,0,0,0,0,0,0,0,0,0,0,0,0,0,0,21,0,0,0,0,0,0,0,23,32,0,4,0,0,0,0,8,0,3,0,0,0,2,15,5,1,46,0,0,0,0,0,52,0,5,0,0,0,1,0,0,0,0,22,0,0,0,54,0,21,0,0,0,0,0,5,0,0,0,0,0,0,0,0,80,0,0,0,0,0,0,0,0,0,0,0,0,0,0,27,0,17,0,2,0,1,0,0,0,0,33,0,0,0,0,0,0,0,72,1,0,0,0,0,0,7,0,0,0,0,0,0,0,0,74,0,0,0,0,0,4,0,0,2,0,0,0,1,0,17,0,22,0,0,0,40,0,0,0,0,0,0,0,0,0,0,59,0,17,0,0,0,0,4,0,0,0,0,70,0,0,0,0,0,5,0,0,0,0,0,0,5,0,0,0,0,37,0,8,0,25,0,0,0,0,9,0,1,0,0
29,0,0,0,0,0,0,0,0,0,0,0,0,0,0,80,0,0,0,0,73,0,0,0,1,0,6,0,0,0,0,0,0,0,0,0,0,0,0,0,0,80,0,0,0,0,0,0,0,0,80,0,0,0,0,0,0,0,0,0,0,0,0,0,0,0,0,0,0,0,0,0,0,0,0,27,51,0,2,0,0,0,0,0,0,4,0,0,0,0,50,2,3,21,0,0,0,0,0,20,0,5,0,0,0,0,0,0,1,0,19,0,35,0,63,0,1,0,0,0,0,0,13,0,0,3,0,0,0,0,0,79,0,0,0,0,0,0,0,0,1,0,0,0,0,0,45,0,0,0,4,0,7,0,0,0,0,24,0,0,0,0,0,0,0,79,1,0,0,0,0,0,0,0,0,0,0,0,0,0,0,78,0,0,0,1,0,0,0,0,1,0,0,0,2,0,14,0,12,0,1,0,51,0,0,0,0,0,0,0,0,0,0,63,0,5,0,0,0,0,12,0,0,0,0,45,0,0,0,0,0,0,30,0,0,0,0,0,5,0,0,0,2,34,0,12,0,22,0,0,0,0,9,0,1,0,0
30,0,0,0,0,0,0,0,0,0,0,0,0,0,0,80,0,0,0,0,79,0,0,0,0,0,1,0,0,0,0,0,0,0,0,0,0,0,0,0,0,80,0,0,0,0,0,0,0,0,80,0,0,0,0,0,0,0,0,0,0,0,0,0,0,0,0,21,0,0,1,0,0,0,0,27,29,0,2,0,0,0,0,2,0,4,0,0,0,1,49,1,2,21,0,0,0,0,0,30,0,6,0,0,0,0,0,0,0,0,17,0,27,0,54,0,20,0,0,0,0,0,6,0,0,0,0,0,0,0,0,79,0,0,0,0,0,0,0,0,1,0,0,0,0,0,29,0,7,0,22,0,9,0,0,0,0,13,0,0,0,0,0,0,0,68,0,0,0,0,0,0,12,0,0,0,0,0,0,0,0,62,0,0,0,3,0,13,0,0,2,0,0,0,0,0,12,0,21,0,0,0,47,0,0,0,0,0,0,0,0,0,0,66,0,7,0,0,0,0,7,0,0,0,0,79,0,0,0,0,0,1,0,0,0,0,0,0,0,0,0,0,0,42,0,9,0,23,0,1,0,0,4,0,1,0,0
31,0,0,0,0,0,0,80,0,0,0,0,0,0,0,0,0,0,0,0,80,0,0,0,0,0,0,0,0,0,0,0,0,0,0,0,0,0,0,0,0,80,0,0,0,0,0,0,0,0,80,0,0,0,0,0,0,0,0,0,0,0,0,0,0,0,0,12,0,0,0,0,0,0,0,24,35,0,9,0,0,0,0,4,0,1,0,0,0,0,57,3,3,12,0,0,0,0,0,46,0,5,0,0,0,0,0,0,0,0,27,0,2,0,66,0,9,0,0,0,0,0,4,0,0,1,0,0,0,0,0,80,0,0,0,0,0,0,0,0,0,0,0,0,0,0,22,0,18,0,27,0,0,0,0,0,0,13,0,0,0,0,0,0,0,63,0,0,0,0,0,0,17,0,0,0,0,0,0,3,0,54,0,0,0,1,0,22,0,0,0,0,0,0,0,0,5,0,19,0,1,0,55,0,0,0,0,0,0,0,0,0,0,49,0,15,0,0,0,0,16,0,0,0,0,26,0,0,0,0,0,0,18,0,0,0,0,3,33,0,0,0,0,39,0,6,0,22,0,0,0,0,12,0,1,0,0
32,0,0,0,0,0,0,0,0,0,0,0,0,0,0,80,0,0,0,0,79,0,0,0,0,0,1,0,0,0,0,0,0,0,0,0,0,0,0,0,0,80,0,0,0,0,0,0,0,0,80,0,0,0,0,0,0,0,0,0,0,0,0,0,0,0,0,34,0,0,0,0,0,1,0,19,21,0,5,0,0,0,0,4,0,2,0,0,0,2,71,1,0,0,0,0,0,0,0,29,0,5,0,0,0,0,0,0,0,0,19,0,27,0,71,0,0,0,0,0,0,0,7,0,0,2,0,0,0,0,0,80,0,0,0,0,0,0,0,0,0,0,0,0,0,0,14,0,30,0,30,0,2,0,0,0,0,4,0,0,0,0,0,0,0,65,0,0,0,0,0,0,14,1,0,0,0,0,0,0,0,51,0,0,0,1,0,23,0,0,0,0,5,0,0,0,9,0,4,0,4,0,63,0,0,0,0,0,0,0,0,0,0,74,0,2,0,0,0,0,4,0,0,0,0,79,0,0,0,0,0,1,0,0,0,0,0,0,0,0,0,0,0,26,0,9,0,29,0,0,0,0,15,0,1,0,0
33,0,0,0,0,0,0,0,0,0,0,0,0,0,0,80,0,0,0,0,79,0,0,0,0,0,1,0,0,0,0,0,0,0,0,0,0,0,0,0,0,79,0,0,1,0,0,0,0,0,80,0,0,0,0,0,0,0,0,0,0,0,0,0,0,0,0,1,0,0,17,0,0,0,0,25,32,0,5,0,0,0,0,4,0,5,0,0,0,0,27,4,2,38,0,0,0,0,0,51,0,6,0,0,0,0,0,1,2,0,20,0,0,0,3,0,71,0,0,0,0,0,5,0,0,1,0,0,0,0,0,80,0,0,0,0,0,0,0,0,0,0,0,0,0,0,25,0,17,0,1,0,1,0,0,2,0,34,0,0,0,0,0,0,0,72,7,0,0,0,0,0,1,0,0,0,0,0,0,0,0,67,0,0,0,0,0,8,0,0,5,0,0,0,0,0,5,0,19,0,11,0,45,0,0,0,0,0,0,0,0,0,0,61,0,9,0,0,0,0,10,0,0,0,0,50,0,0,0,0,0,2,0,0,0,0,0,0,28,0,0,0,24,29,0,10,0,11,0,0,0,0,5,0,1,0,0
34,0,0,0,0,0,0,44,0,0,0,0,0,0,11,25,0,0,0,0,79,0,0,0,0,0,1,0,0,0,0,0,0,0,0,0,0,0,0,0,0,80,0,0,0,0,0,0,0,0,80,0,0,0,0,0,0,0,0,0,0,0,0,0,0,0,0,13,0,0,1,0,0,0,0,26,35,0,5,0,0,0,0,3,0,3,0,0,0,0,22,2,3,47,0,0,0,0,0,26,0,7,0,0,0,1,0,0,0,0,43,0,3,0,33,0,41,0,0,0,0,0,4,0,0,2,0,0,0,0,0,79,0,0,0,0,0,0,0,0,1,0,0,0,0,0,28,0,18,0,0,0,2,0,0,0,0,32,0,0,0,0,0,0,0,72,0,0,0,0,0,0,6,2,0,0,0,0,0,0,0,76,0,0,0,1,0,2,0,0,1,0,0,0,0,0,23,0,16,0,0,0,41,0,0,0,0,0,0,0,0,0,0,67,0,7,0,0,0,0,6,0,0,0,0,73,0,0,0,0,0,2,3,0,0,0,0,2,0,0,0,0,4,28,0,12,0,18,0,0,0,0,12,0,6,0,0
35,0,0,0,0,0,0,0,0,0,0,0,0,0,0,80,0,0,0,0,79,0,0,0,0,0,1,0,0,0,0,0,0,0,0,0,0,0,0,0,0,80,0,0,0,0,0,0,0,0,80,0,0,0,0,0,0,0,0,0,0,0,0,0,0,0,0,1,0,0,0,0,0,1,0,24,51,0,3,0,0,0,0,3,0,0,0,0,0,1,72,0,3,1,0,0,0,0,0,64,0,6,0,0,0,0,0,0,0,0,10,0,0,0,55,0,1,0,0,0,0,0,6,0,0,18,0,0,0,0,0,80,0,0,0,0,0,0,0,0,0,0,0,0,0,0,12,0,32,0,28,0,1,0,0,0,0,7,0,0,0,0,0,0,0,63,0,0,0,0,0,0,17,0,0,0,0,0,0,0,0,66,0,0,0,1,0,10,0,0,2,0,1,0,0,0,4,0,10,0,19,0,46,1,0,0,0,0,0,0,0,0,0,59,0,2,0,0,0,0,19,0,0,0,0,74,0,0,0,0,0,0,0,0,0,0,0,6,0,0,0,0,0,30,0,12,0,21,0,0,0,0,16,0,1,0,0
36,0,0,0,0,0,0,77,0,0,0,0,0,0,3,0,0,0,0,0,79,0,0,0,0,0,1,0,0,0,0,0,0,0,0,0,0,0,0,0,0,80,0,0,0,0,0,0,0,0,80,0,0,0,0,0,0,0,0,0,0,0,0,0,0,0,0,19,0,0,1,0,0,0,0,23,26,0,11,0,0,0,0,10,0,1,0,0,0,0,32,2,1,34,0,0,0,0,0,65,0,7,0,0,0,0,0,0,0,0,8,0,0,0,12,0,1,0,0,0,0,0,67,0,0,0,0,0,0,0,0,80,0,0,0,0,0,0,0,0,0,0,0,0,0,0,11,0,29,0,0,0,1,0,0,0,0,39,0,0,0,0,0,0,0,65,0,0,0,0,0,0,15,0,0,0,0,0,0,3,0,52,0,0,0,1,0,24,0,0,0,0,0,0,0,0,3,0,10,0,4,0,63,0,0,0,0,0,0,0,0,0,0,75,0,1,0,0,0,0,4,0,0,0,0,24,0,0,0,0,0,0,15,0,0,0,0,1,40,0,0,0,0,30,0,13,0,22,0,0,0,0,14,0,1,0,0
37,0,0,0,0,0,0,29,0,0,0,0,0,0,0,51,0,0,0,0,80,0,0,0,0,0,0,0,0,0,0,0,0,0,0,0,0,0,0,0,0,80,0,0,0,0,0,0,0,0,80,0,0,0,0,0,0,0,0,0,0,0,0,0,0,0,0,2,0,0,0,0,0,0,0,23,43,0,12,0,0,0,0,6,0,0,0,0,0,0,62,2,2,8,0,0,0,0,0,46,0,7,0,0,0,1,0,0,0,0,23,0,3,0,27,0,23,0,0,0,0,0,19,0,0,11,0,0,0,0,0,80,0,0,0,0,0,0,0,0,0,0,0,0,0,0,17,0,27,0,12,0,5,0,0,0,0,19,0,0,0,0,0,0,0,51,0,0,0,0,0,0,29,0,0,0,0,0,0,0,0,49,0,0,0,0,0,29,0,0,0,0,2,0,0,0,8,0,2,0,5,0,65,0,0,0,0,0,0,0,0,0,0,69,0,1,0,0,0,0,10,0,0,0,0,44,0,0,0,0,0,3,4,0,0,0,0,1,28,0,0,0,1,35,0,7,0,19,0,0,0,0,18,0,0,0,0
38,0,0,0,0,0,0,14,0,0,0,0,0,0,7,59,0,0,0,0,74,0,0,0,0,0,6,0,0,0,0,0,0,0,0,0,0,0,0,0,0,80,0,0,0,0,0,0,0,0,80,0,0,0,0,0,0,0,0,0,0,0,0,0,0,0,0,0,0,0,0,0,0,0,0,26,41,0,13,0,0,0,0,14,0,0,0,0,0,3,35,0,0,28,0,0,0,0,0,59,0,7,0,0,0,1,0,0,0,0,13,0,0,0,66,0,11,0,0,0,0,0,3,0,0,0,0,0,0,0,0,80,0,0,0,0,0,0,0,0,0,0,0,0,0,0,30,0,14,0,6,0,8,0,0,1,0,21,0,0,0,0,0,0,0,75,2,0,0,0,0,0,3,0,0,0,0,0,0,0,0,70,0,0,0,2,0,7,0,0,1,0,0,0,0,0,9,0,19,0,0,0,51,0,0,0,1,0,0,0,0,0,0,62,0,2,0,0,0,0,16,0,0,0,0,34,0,0,0,0,0,0,9,0,0,0,0,0,37,0,0,0,0,31,0,13,0,22,0,0,0,0,13,0,1,0,0
39,0,0,0,0,0,0,20,0,0,0,0,0,0,0,60,0,0,0,0,78,0,0,0,2,0,0,0,0,0,0,0,0,0,0,0,0,0,0,0,0,80,0,0,0,0,0,0,0,0,80,0,0,0,0,0,0,0,0,0,0,0,0,0,0,0,0,2,0,0,0,0,0,0,0,23,49,0,6,0,0,0,0,2,0,3,0,0,0,1,28,2,4,40,0,0,0,0,0,14,0,9,0,0,0,0,0,0,0,0,24,0,33,0,63,0,5,0,0,0,0,0,6,0,0,6,0,0,0,0,0,80,0,0,0,0,0,0,0,0,0,0,0,0,0,0,2,0,36,0,6,0,22,0,0,0,0,14,0,0,0,0,0,0,0,78,0,0,0,0,0,0,2,0,0,0,0,0,0,0,0,75,0,0,0,0,0,2,0,0,0,0,3,0,0,0,0,0,40,0,32,0,8,0,0,0,0,0,0,0,0,0,0,73,0,2,0,0,0,0,5,0,0,0,0,49,0,0,0,0,0,0,0,0,0,0,0,20,11,0,0,0,2,29,0,8,0,24,0,0,0,0,16,0,1,0,0
40,0,0,0,0,0,0,25,0,0,0,0,0,0,0,55,0,0,0,0,79,0,0,0,0,0,1,0,0,0,0,0,0,0,0,0,0,0,0,0,0,80,0,0,0,0,0,0,0,0,80,0,0,0,0,0,0,0,0,0,0,0,0,0,0,0,0,20,0,0,1,0,0,1,0,25,27,0,6,0,0,0,0,9,0,1,0,0,0,0,58,2,0,10,0,0,0,0,0,29,0,7,0,0,0,0,0,1,0,0,14,0,29,0,65,0,1,0,0,0,0,0,8,0,0,6,0,0,0,0,0,80,0,0,0,0,0,0,0,0,0,0,0,0,0,0,28,0,14,0,16,0,7,0,0,0,0,15,0,0,0,0,0,0,0,66,0,0,0,0,0,0,14,0,0,0,0,0,0,3,0,55,0,0,0,1,0,19,0,0,1,0,1,0,4,0,12,0,12,0,6,0,46,0,0,0,0,0,0,0,0,0,0,66,0,1,0,0,0,0,13,0,0,0,0,67,0,0,0,0,0,2,9,0,0,0,0,0,2,0,0,0,0,33,0,11,0,23,0,0,0,0,12,0,1,0,0
41,0,0,0,0,0,0,10,0,0,0,0,0,0,0,70,0,0,0,0,80,0,0,0,0,0,0,0,0,0,0,0,0,0,0,0,0,0,0,0,0,80,0,0,0,0,0,0,0,0,80,0,0,0,0,0,0,0,0,0,0,0,0,0,0,0,0,4,0,0,1,0,0,0,0,24,47,0,4,0,0,0,0,3,0,1,0,0,0,1,64,3,3,5,0,0,0,0,0,48,0,8,0,0,0,2,0,0,0,0,18,0,4,0,26,0,51,0,0,0,0,0,3,0,0,0,0,0,0,0,0,80,0,0,0,0,0,0,0,0,0,0,0,0,0,0,16,0,23,0,16,0,3,0,0,0,0,22,0,0,0,0,0,0,0,75,0,0,0,0,0,0,4,1,0,0,0,0,0,0,0,66,0,0,0,1,0,12,0,0,0,0,1,0,0,0,16,0,4,0,0,0,60,0,0,0,0,0,0,0,0,0,0,57,0,14,0,0,0,0,9,0,0,0,0,75,0,0,0,0,0,2,0,0,0,0,0,2,1,0,0,0,0,32,0,13,0,21,0,0,0,0,13,0,1,0,0
42,0,0,0,0,0,0,7,0,0,0,0,0,0,6,67,0,0,0,0,80,0,0,0,0,0,0,0,0,0,0,0,0,0,0,0,0,0,0,0,0,80,0,0,0,0,0,0,0,0,80,0,0,0,0,0,0,0,0,0,0,0,0,0,0,0,0,2,0,0,1,0,0,1,0,21,45,0,10,0,0,0,0,14,0,0,0,0,0,2,1,2,1,60,0,0,0,0,0,28,0,3,0,0,0,0,0,0,2,0,21,0,26,0,13,0,63,0,0,0,0,0,4,0,0,0,0,0,0,0,0,80,0,0,0,0,0,0,0,0,0,0,0,0,0,0,3,0,40,0,0,0,0,0,0,0,0,37,0,0,0,0,0,0,0,48,0,0,0,0,0,0,32,0,0,0,0,0,0,0,0,51,0,0,0,0,0,27,0,0,2,0,0,0,0,0,11,0,14,0,0,0,55,0,0,0,0,0,0,0,0,0,0,67,0,5,0,0,0,0,8,0,0,0,0,80,0,0,0,0,0,0,0,0,0,0,0,0,0,0,0,0,0,19,0,8,0,37,0,0,0,0,16,0,0,0,0
43,0,0,0,0,0,0,16,0,0,0,0,0,0,0,64,0,0,0,0,79,0,0,0,0,0,1,0,0,0,0,0,0,0,0,0,0,0,0,0,0,80,0,0,0,0,0,0,0,0,80,0,0,0,0,0,0,0,0,0,0,0,0,0,0,0,0,0,0,0,0,0,0,0,0,21,46,0,13,0,0,0,0,5,0,0,0,0,0,1,68,2,4,0,0,0,0,0,0,48,0,6,0,0,0,1,0,0,1,0,14,0,10,0,18,0,57,0,0,0,0,0,5,0,0,0,0,0,0,0,0,80,0,0,0,0,0,0,0,0,0,0,0,0,0,0,19,0,24,0,30,0,0,0,0,0,0,7,0,0,0,0,0,0,0,66,1,0,0,0,0,0,13,0,0,0,0,0,0,1,0,60,0,0,0,1,0,17,0,0,1,0,0,0,0,0,12,0,20,0,0,0,48,0,0,0,0,0,0,0,0,0,0,52,0,10,0,0,0,0,18,0,0,0,0,69,0,0,0,0,0,0,5,0,0,0,0,0,6,0,0,0,0,30,0,12,0,24,0,0,0,0,13,0,1,0,0
44,0,0,0,0,0,0,0,0,0,0,0,0,0,12,68,0,0,0,0,78,0,2,0,0,0,0,0,0,0,0,0,0,0,0,0,0,0,0,0,0,80,0,0,0,0,0,0,0,0,80,0,0,0,0,0,0,0,0,0,0,0,0,0,0,0,0,0,0,0,0,0,0,0,0,26,53,0,1,0,0,0,0,6,0,0,0,0,0,0,12,4,1,57,0,0,0,0,0,33,0,6,0,0,0,0,0,0,2,0,32,0,7,0,7,0,33,0,0,0,0,0,40,0,0,0,0,0,0,0,0,80,0,0,0,0,0,0,0,0,0,0,0,0,0,0,2,0,21,0,1,0,9,0,0,0,0,47,0,0,0,0,0,0,0,62,1,0,0,0,0,0,17,0,0,0,0,0,0,0,0,65,0,0,0,0,0,13,0,0,2,0,0,0,0,0,7,0,27,0,0,0,46,0,0,0,0,0,0,0,0,0,0,56,0,12,0,0,0,0,12,0,0,0,0,77,0,0,0,0,0,0,3,0,0,0,0,0,0,0,0,0,0,37,0,11,0,22,0,0,0,0,9,0,1,0,0
45,0,0,0,0,0,0,4,0,0,0,0,0,0,2,74,0,0,0,0,80,0,0,0,0,0,0,0,0,0,0,0,0,0,0,0,0,0,0,0,0,80,0,0,0,0,0,0,0,0,80,0,0,0,0,0,0,0,0,0,0,0,0,0,0,0,0,3,0,0,1,0,0,0,0,27,41,0,8,0,0,0,0,9,0,0,0,0,0,0,61,2,1,7,0,0,0,0,0,59,0,5,0,0,0,0,0,0,0,0,16,0,0,0,69,0,6,0,0,0,0,0,5,0,0,0,0,0,0,0,0,80,0,0,0,0,0,0,0,0,0,0,0,0,0,0,40,0,2,0,12,0,3,0,0,0,0,23,0,0,0,0,0,0,0,73,0,0,0,0,0,0,7,0,0,0,0,0,0,3,0,56,0,0,0,1,0,16,0,0,4,0,0,0,0,0,9,0,13,0,4,0,54,0,0,0,0,0,0,0,0,0,0,59,0,11,0,0,0,0,10,0,0,0,0,75,0,0,0,0,0,3,2,0,0,0,0,0,0,0,0,0,0,35,0,11,0,18,0,0,0,0,15,0,1,0,0
46,0,0,0,0,0,0,0,0,0,0,0,0,0,0,80,0,0,0,0,80,0,0,0,0,0,0,0,0,0,0,0,0,0,0,0,0,0,0,0,0,80,0,0,0,0,0,0,0,0,80,0,0,0,0,0,0,0,0,0,0,0,0,0,0,0,0,1,0,0,0,0,0,0,0,21,56,0,2,0,0,0,0,9,0,0,0,0,0,1,43,2,2,23,0,0,0,0,0,53,0,8,0,0,0,0,0,0,0,0,19,0,0,0,9,0,65,0,0,0,0,0,6,0,0,0,0,0,0,0,0,80,0,0,0,0,0,0,0,0,0,0,0,0,0,0,1,0,43,0,1,0,1,0,0,0,0,34,0,0,0,0,0,0,0,64,1,0,0,0,0,0,15,0,0,0,0,0,0,0,0,54,0,0,0,1,0,22,0,0,3,0,0,0,0,0,12,0,3,0,0,0,65,0,0,0,0,0,0,0,0,0,0,53,0,18,0,0,0,0,9,0,0,0,0,75,0,0,0,0,0,0,2,0,0,0,0,0,2,0,1,0,1,40,0,10,0,15,0,0,0,0,13,0,1,0,0
47,0,0,0,0,0,0,65,0,0,0,0,0,0,0,15,0,0,0,0,80,0,0,0,0,0,0,0,0,0,0,0,0,0,0,0,0,0,0,0,0,80,0,0,0,0,0,0,0,0,80,0,0,0,0,0,0,0,0,0,0,0,0,0,0,0,0,26,0,0,0,0,0,1,0,25,24,0,4,0,0,0,0,9,0,0,0,0,0,1,50,3,1,16,0,0,0,0,0,51,0,8,0,0,0,1,0,0,0,0,20,0,0,0,74,0,2,0,0,0,0,0,4,0,0,0,0,0,0,0,0,79,0,0,1,0,0,0,0,0,0,0,0,0,0,0,10,0,33,0,21,0,2,0,0,0,0,14,0,0,0,0,0,0,0,68,1,0,0,0,0,0,11,0,0,0,0,0,0,0,0,59,0,0,0,0,0,19,0,0,2,0,0,0,0,0,9,0,22,0,3,0,46,0,0,0,0,0,0,0,0,0,0,70,0,0,0,0,0,0,10,0,0,0,0,59,0,0,0,0,0,0,0,0,0,0,0,0,21,0,0,0,0,42,0,7,0,25,0,0,0,0,6,0,0,0,0
48,0,0,0,0,0,0,79,0,0,0,0,0,0,1,0,0,0,0,0,79,0,0,0,0,0,1,0,0,0,0,0,0,0,0,0,0,0,0,0,0,80,0,0,0,0,0,0,0,0,80,0,0,0,0,0,0,0,0,0,0,0,0,0,0,0,0,0,0,0,0,0,0,0,0,22,44,0,14,0,0,0,0,5,0,1,0,0,0,1,21,8,2,42,0,0,0,0,0,39,0,4,0,0,0,1,0,0,0,0,36,0,0,0,45,0,4,0,0,0,0,0,6,0,0,25,0,0,0,0,0,80,0,0,0,0,0,0,0,0,0,0,0,0,0,0,36,0,4,0,9,0,10,0,0,0,0,21,0,0,0,0,0,0,0,52,0,0,0,0,0,0,28,0,0,0,0,0,0,0,0,59,0,0,0,0,0,19,0,0,0,0,2,0,0,0,14,0,21,0,33,0,10,2,0,0,0,0,0,0,0,0,0,68,0,3,0,0,0,1,8,0,0,0,0,42,0,0,0,0,0,2,15,0,0,0,0,5,16,0,0,0,0,34,0,13,0,22,0,0,0,0,10,0,1,0,0
49,0,0,0,0,0,0,16,0,0,0,0,0,0,0,64,0,0,0,0,79,0,0,0,0,0,1,0,0,0,0,0,0,0,0,0,0,0,0,0,0,80,0,0,0,0,0,0,0,0,80,0,0,0,0,0,0,0,0,0,0,0,0,0,0,0,0,0,0,0,0,0,0,0,0,20,46,0,14,0,0,0,0,4,0,3,0,0,0,0,23,1,3,46,0,0,0,0,0,49,0,9,0,0,0,0,0,0,0,0,22,0,0,0,62,0,0,0,0,0,0,0,5,0,0,13,0,0,0,0,0,80,0,0,0,0,0,0,0,0,0,0,0,0,0,0,41,0,4,0,0,0,6,0,0,0,0,29,0,0,0,0,0,0,0,56,0,0,0,0,0,0,24,0,0,0,0,0,0,0,0,56,0,0,0,0,0,24,0,0,0,0,0,0,0,0,12,0,21,0,6,0,41,0,0,0,0,0,0,0,0,0,0,72,0,0,0,0,0,0,8,0,0,0,0,80,0,0,0,0,0,0,0,0,0,0,0,0,0,0,0,0,0,27,0,10,0,23,0,0,0,0,20,0,0,0,0
50,0,0,0,0,0,0,80,0,0,0,0,0,0,0,0,0,0,0,0,80,0,0,0,0,0,0,0,0,0,0,0,0,0,0,0,0,0,0,0,0,80,0,0,0,0,0,0,0,0,80,0,0,0,0,0,0,0,0,0,0,0,0,0,0,0,0,2,0,0,0,0,0,0,0,21,57,0,0,0,0,0,0,3,0,1,0,0,0,0,30,2,4,40,0,0,0,3,0,25,0,7,0,0,0,1,0,0,2,0,42,0,0,0,68,0,7,0,0,0,0,0,3,0,0,2,0,0,0,0,0,79,0,0,0,0,0,0,0,0,1,0,0,0,0,0,14,0,26,0,14,0,1,0,0,0,0,25,0,0,0,0,0,0,0,64,1,0,0,0,0,0,15,0,0,0,0,0,0,2,0,71,0,0,0,1,0,6,0,0,0,0,0,0,0,0,12,0,20,0,3,0,45,0,0,0,0,0,0,0,0,0,0,61,0,12,0,0,0,0,7,0,0,0,0,58,0,0,0,0,0,3,0,0,0,0,0,0,19,0,0,0,16,24,0,10,0,20,0,0,0,0,10,0,0,0,0
51,0,0,0,0,0,0,0,0,0,0,0,0,0,0,80,0,0,0,0,74,0,0,0,1,0,5,0,0,0,0,0,0,0,0,0,0,0,0,0,0,80,0,0,0,0,0,0,0,0,80,0,0,0,0,0,0,0,0,0,0,0,0,0,0,0,0,0,0,0,0,0,0,0,0,22,48,0,10,0,0,0,0,13,0,0,0,0,0,4,36,0,0,26,0,0,1,0,0,54,0,6,0,0,0,1,0,0,2,0,17,0,0,0,27,0,45,0,0,0,0,0,4,0,0,1,0,3,0,0,0,80,0,0,0,0,0,0,0,0,0,0,0,0,0,0,33,0,9,0,0,0,6,0,0,0,0,32,0,0,0,0,0,0,0,78,0,0,0,0,0,0,0,2,0,0,0,0,0,0,0,75,0,0,0,0,0,0,0,0,4,0,1,0,0,0,10,0,3,0,2,0,64,1,0,0,0,0,0,0,0,0,0,72,0,0,0,0,0,0,8,0,0,0,0,66,0,0,0,0,0,0,9,0,0,0,0,0,5,0,0,0,7,31,0,9,0,20,0,0,0,0,12,0,1,0,0
52,0,0,0,0,0,0,51,0,0,0,0,0,0,0,29,0,0,0,0,73,0,0,0,7,0,0,0,0,0,0,0,0,0,0,0,0,0,0,0,0,79,0,0,0,0,0,0,1,0,80,0,0,0,0,0,0,0,0,0,0,0,0,0,0,0,0,0,0,0,0,0,0,0,0,27,44,0,9,0,0,0,0,2,0,7,0,0,0,0,45,2,2,22,0,0,0,0,0,28,0,7,0,0,0,0,0,0,0,0,39,0,6,0,70,0,1,0,0,0,0,0,6,0,0,3,0,0,0,0,0,79,0,0,0,0,0,0,0,0,1,0,0,0,0,0,41,0,3,0,3,0,14,0,0,0,0,19,0,0,0,0,0,0,0,50,0,0,0,0,0,0,30,0,0,0,0,0,0,2,0,57,0,0,0,2,0,18,0,0,1,0,0,0,0,0,8,0,13,0,3,0,56,0,0,0,0,0,0,0,0,0,0,73,0,1,0,0,0,0,6,0,0,0,0,14,0,0,0,0,0,1,20,0,0,0,0,0,45,0,0,0,0,41,0,8,0,17,0,0,0,0,13,0,1,0,0
53,0,0,0,0,0,0,0,0,0,0,0,0,0,0,80,0,0,0,0,80,0,0,0,0,0,0,0,0,0,0,0,0,0,0,0,0,0,0,0,0,80,0,0,0,0,0,0,0,0,80,0,0,0,0,0,0,0,0,0,0,0,0,0,0,0,0,21,0,0,5,0,0,0,0,25,28,0,1,0,0,0,0,2,0,5,0,0,0,0,61,0,3,9,0,0,0,0,0,25,0,5,0,0,0,0,0,0,0,0,32,0,18,0,42,0,36,0,0,0,0,0,1,0,0,1,0,0,0,0,0,80,0,0,0,0,0,0,0,0,0,0,0,0,0,0,43,0,1,0,30,0,0,0,0,0,0,6,0,0,0,0,0,0,0,56,0,0,0,0,0,0,24,0,0,0,0,0,0,2,0,52,0,0,0,0,0,25,0,0,1,0,0,0,7,0,8,0,38,0,0,0,27,0,0,0,0,0,0,0,0,0,0,47,0,17,0,0,0,0,16,0,0,0,0,76,0,0,0,0,0,1,3,0,0,0,0,0,0,0,0,0,0,28,0,13,0,25,0,0,0,0,13,0,1,0,0
54,0,0,0,0,0,0,0,0,0,0,0,0,0,0,80,0,0,0,0,79,0,0,0,0,0,1,0,0,0,0,0,0,0,0,0,0,0,0,0,0,80,0,0,0,0,0,0,0,0,80,0,0,0,0,0,0,0,0,0,0,0,0,0,0,0,0,0,0,0,0,0,0,0,0,24,30,0,26,0,0,0,0,8,0,0,0,0,0,1,52,1,1,17,0,0,0,0,0,57,0,6,0,0,0,0,0,0,0,0,15,0,2,0,11,0,63,0,0,0,0,0,6,0,0,0,0,0,0,0,0,80,0,0,0,0,0,0,0,0,0,0,0,0,0,0,6,0,33,0,14,0,2,0,0,0,0,25,0,0,0,0,0,0,0,59,0,0,0,0,0,0,21,0,0,0,0,0,0,0,0,35,0,0,0,0,0,43,0,0,2,0,0,0,0,0,17,0,11,0,0,0,52,0,0,0,0,0,0,0,0,0,0,48,0,16,0,0,0,0,16,0,0,0,0,80,0,0,0,0,0,0,0,0,0,0,0,0,0,0,0,0,0,27,0,6,0,34,0,0,0,0,12,0,1,0,0
55,0,0,0,0,0,0,80,0,0,0,0,0,0,0,0,0,0,0,0,75,0,0,0,5,0,0,0,0,0,0,0,0,0,0,0,0,0,0,0,0,80,0,0,0,0,0,0,0,0,80,0,0,0,0,0,0,0,0,0,0,0,0,0,0,0,0,7,0,0,1,0,0,1,0,22,49,0,0,0,0,0,0,1,0,6,0,0,0,0,47,1,0,25,0,0,0,0,0,18,0,7,0,0,0,0,0,0,0,0,14,0,41,0,69,0,3,0,0,0,0,0,2,0,0,6,0,0,0,0,0,79,0,0,0,0,0,0,0,0,1,0,0,0,0,0,35,0,0,0,7,0,25,0,0,0,0,13,0,0,0,0,0,0,0,41,0,0,0,0,0,0,39,0,0,0,0,0,0,0,0,55,0,0,0,1,0,22,0,0,0,0,2,0,2,0,8,0,18,0,34,0,15,2,1,0,0,0,0,0,0,0,0,73,0,6,0,0,0,0,1,0,0,0,0,26,0,0,1,0,0,1,3,0,0,0,0,20,29,0,0,0,0,37,0,8,0,22,0,0,0,0,13,0,0,0,0
56,0,0,0,0,0,0,0,0,0,0,0,0,0,0,80,0,0,0,0,80,0,0,0,0,0,0,0,0,0,0,0,0,0,0,0,0,0,0,0,0,80,0,0,0,0,0,0,0,0,80,0,0,0,0,0,0,0,0,0,0,0,0,0,0,0,0,2,0,0,1,0,0,0,0,24,43,0,10,0,0,0,0,8,0,5,0,0,0,0,11,3,1,52,0,0,0,0,0,23,0,8,0,0,0,0,0,0,0,0,27,0,22,0,0,0,75,0,0,0,0,0,0,0,0,5,0,0,0,0,0,80,0,0,0,0,0,0,0,0,0,0,0,0,0,0,16,0,23,0,0,0,0,0,0,0,0,41,0,0,0,0,0,0,0,67,0,6,0,0,0,0,6,1,0,0,0,0,0,0,0,71,0,0,0,0,0,8,0,0,1,0,0,0,0,0,22,0,10,0,0,0,48,0,0,0,0,0,0,0,0,0,0,66,0,9,0,0,0,0,5,0,0,0,0,65,0,0,0,0,0,0,4,0,0,0,0,0,11,0,0,0,2,30,0,12,0,24,0,0,0,0,9,0,3,0,0
57,0,0,0,0,0,0,0,0,0,0,0,0,0,2,78,0,0,0,0,77,0,0,0,1,0,2,0,0,0,0,0,0,0,0,0,0,0,0,0,0,80,0,0,0,0,0,0,0,0,80,0,0,0,0,0,0,0,0,0,0,0,0,0,0,0,0,0,0,0,0,0,0,0,0,24,49,0,7,0,0,0,0,0,0,3,0,0,0,0,17,4,4,52,0,0,0,0,0,44,0,5,0,0,0,1,0,0,1,0,29,0,0,0,16,0,61,0,0,0,0,0,1,0,0,2,0,0,0,0,0,79,0,0,0,0,0,0,0,0,1,0,0,0,0,0,44,0,1,0,9,0,4,0,0,0,0,22,0,0,0,0,0,0,0,76,3,0,0,0,0,0,1,0,0,0,0,0,0,0,0,71,0,0,0,0,0,8,0,0,1,0,0,0,0,0,8,0,48,0,10,0,14,0,0,0,0,0,0,0,0,0,0,60,0,11,0,0,0,0,9,0,0,0,0,35,0,0,0,0,0,0,17,0,0,0,0,1,27,0,0,0,7,33,0,11,0,19,0,0,0,0,9,0,1,0,0
58,0,0,0,0,0,0,15,0,0,0,0,0,0,2,63,0,0,0,0,77,0,0,0,0,0,3,0,0,0,0,0,0,0,0,0,0,0,0,0,0,80,0,0,0,0,0,0,0,0,80,0,0,0,0,0,0,0,0,0,0,0,0,0,0,0,0,0,0,0,0,0,0,0,0,23,35,0,22,0,0,0,0,10,0,0,0,0,0,1,27,3,1,38,0,0,0,0,0,53,0,7,0,0,0,0,0,0,0,0,20,0,0,0,33,0,7,0,0,0,0,0,39,0,0,1,0,0,0,0,0,80,0,0,0,0,0,0,0,0,0,0,0,0,0,0,23,0,20,0,8,0,5,0,0,0,0,24,0,0,0,0,0,0,0,65,0,0,0,0,0,0,15,0,0,0,0,0,0,1,0,60,0,0,0,0,0,14,0,0,5,0,0,0,0,0,5,0,17,0,5,0,53,0,0,0,0,0,0,0,0,0,0,67,0,4,0,0,0,0,9,0,0,0,0,70,0,0,0,0,0,2,2,0,0,0,0,0,6,0,0,0,0,34,0,8,0,22,0,0,0,0,15,0,1,0,0
59,0,0,0,0,0,0,80,0,0,0,0,0,0,0,0,0,0,0,0,79,0,0,0,1,0,0,0,0,0,0,0,0,0,0,0,0,0,0,0,0,80,0,0,0,0,0,0,0,0,80,0,0,0,0,0,0,0,0,0,0,0,0,0,0,0,0,1,0,0,0,0,0,0,0,27,46,0,6,0,0,0,0,12,0,0,0,0,0,1,25,2,4,36,0,0,0,0,0,38,0,5,0,0,0,0,0,0,0,0,21,0,16,0,53,0,1,0,0,0,0,0,4,0,0,22,0,0,0,0,0,80,0,0,0,0,0,0,0,0,0,0,0,0,0,0,7,0,30,0,3,0,18,0,0,0,0,22,0,0,0,0,0,0,0,72,0,0,0,0,0,0,8,0,0,0,0,0,0,1,0,57,0,0,0,0,0,20,0,0,0,0,2,0,0,0,17,0,24,0,12,0,27,0,0,0,0,0,0,0,0,0,0,71,0,1,0,0,0,0,8,0,0,0,0,77,0,0,0,0,0,0,0,0,0,0,0,3,0,0,0,0,0,33,0,8,0,21,0,0,0,0,18,0,0,0,0
60,0,0,0,0,0,0,64,0,0,0,0,0,0,0,16,0,0,0,0,80,0,0,0,0,0,0,0,0,0,0,0,0,0,0,0,0,0,0,0,0,80,0,0,0,0,0,0,0,0,80,0,0,0,0,0,0,0,0,0,0,0,0,0,0,0,0,5,0,0,0,0,0,0,0,24,50,0,1,0,0,0,0,2,0,1,0,0,0,1,74,0,2,0,0,0,0,0,0,29,0,8,0,0,0,0,0,0,0,0,37,0,6,0,17,0,57,0,0,0,0,0,5,0,0,0,0,1,0,0,0,80,0,0,0,0,0,0,0,0,0,0,0,0,0,0,8,0,36,0,20,0,0,0,0,0,0,16,0,0,0,0,0,0,0,77,0,0,0,0,0,0,3,0,0,0,0,0,0,1,0,69,0,0,0,1,0,6,0,0,0,0,3,0,0,0,6,0,0,0,6,0,68,0,0,0,0,0,0,0,0,0,0,63,0,11,0,0,0,0,6,0,0,0,0,31,0,0,0,0,0,0,30,0,0,0,0,1,18,0,0,0,0,32,0,12,0,24,0,0,0,0,11,0,1,0,0
61,0,0,0,0,0,0,78,0,0,0,0,0,0,0,2,0,0,0,0,79,0,0,0,0,0,1,0,0,0,0,0,0,0,0,0,0,0,0,0,0,80,0,0,0,0,0,0,0,0,80,0,0,0,0,0,0,0,0,0,0,0,0,0,0,0,0,10,0,0,0,0,0,0,0,25,14,0,31,0,0,0,0,16,0,0,0,0,0,1,35,0,1,27,0,0,0,0,0,61,0,7,0,0,0,0,0,1,0,0,11,0,0,0,22,0,41,0,0,0,0,0,17,0,0,0,0,0,0,0,0,80,0,0,0,0,0,0,0,0,0,0,0,0,0,0,9,0,36,0,4,0,0,0,0,0,0,31,0,0,0,0,0,0,0,67,0,0,0,0,0,0,13,0,0,0,0,0,0,0,0,46,0,0,0,0,0,27,0,0,7,0,0,0,0,0,0,0,0,0,6,0,74,0,0,0,0,0,0,0,0,0,0,66,0,4,0,0,0,0,10,0,0,0,0,22,0,0,0,0,0,0,18,0,0,0,0,5,35,0,0,0,0,28,0,10,0,30,0,0,0,0,11,0,1,0,0
62,0,0,0,0,0,0,34,0,0,0,0,0,0,39,7,0,0,0,0,77,0,0,0,3,0,0,0,0,0,0,0,0,0,0,0,0,0,0,0,0,80,0,0,0,0,0,0,0,0,80,0,0,0,0,0,0,0,0,0,0,0,0,0,0,0,0,0,0,0,1,0,0,0,0,26,52,0,1,0,0,0,0,5,0,3,0,0,0,0,40,2,1,29,0,0,0,0,0,19,0,5,0,0,0,0,0,0,0,0,37,0,19,0,36,0,0,0,0,0,0,0,39,0,0,5,0,0,0,0,0,80,0,0,0,0,0,0,0,0,0,0,0,0,0,0,0,0,6,0,4,0,55,0,0,0,0,15,0,0,0,0,0,0,0,53,0,0,0,0,0,0,27,0,0,0,0,0,0,1,0,55,0,0,0,1,0,23,0,0,0,0,0,0,0,0,7,0,20,0,7,0,46,0,0,0,0,0,0,0,0,0,0,53,0,0,0,0,0,0,27,0,0,0,0,17,0,0,0,0,0,5,8,0,0,0,0,0,50,0,0,0,0,36,0,8,0,21,0,1,0,0,14,0,0,0,0
63,0,0,0,0,0,0,0,0,0,0,0,0,0,1,79,0,0,0,0,78,0,0,0,1,0,1,0,0,0,0,0,0,0,0,0,0,0,0,0,0,80,0,0,0,0,0,0,0,0,80,0,0,0,0,0,0,0,0,0,0,0,0,0,0,0,0,2,0,0,0,0,0,0,0,25,47,0,6,0,0,0,0,11,0,0,0,0,0,1,43,2,0,23,0,0,0,0,0,23,0,8,0,0,0,0,0,0,1,0,21,0,27,0,37,0,0,0,0,0,0,0,33,0,0,10,0,0,0,0,0,79,0,0,0,0,0,0,0,0,1,0,0,0,0,0,8,0,24,0,1,0,3,0,0,1,0,43,0,0,0,0,0,0,0,78,0,0,0,0,0,0,0,2,0,0,0,0,0,0,0,75,0,0,0,2,0,0,0,0,0,0,3,0,0,0,0,0,6,0,5,0,69,0,0,0,0,0,0,0,0,0,0,74,0,2,0,0,0,0,4,0,0,0,0,79,0,0,0,0,0,0,0,0,0,0,0,1,0,0,0,0,1,35,0,7,0,20,0,0,0,0,16,0,1,0,0
64,0,0,0,0,0,0,78,0,0,0,0,0,0,2,0,0,0,0,0,77,0,0,0,0,0,3,0,0,0,0,0,0,0,0,0,0,0,0,0,0,80,0,0,0,0,0,0,0,0,80,0,0,0,0,0,0,0,0,0,0,0,0,0,0,0,0,0,0,0,0,0,0,0,0,23,44,0,13,0,0,0,0,5,0,0,0,0,0,0,50,4,3,18,0,0,0,0,0,59,0,6,0,0,0,0,0,0,0,0,11,0,4,0,52,0,22,0,0,0,0,0,2,0,0,4,0,0,0,0,0,80,0,0,0,0,0,0,0,0,0,0,0,0,0,0,36,0,3,0,25,0,3,0,0,0,0,13,0,0,0,0,0,0,0,64,0,0,0,0,0,0,16,0,0,0,0,0,0,0,0,63,0,0,0,0,0,16,0,0,1,0,0,0,0,0,14,0,16,0,4,0,46,0,0,0,0,0,0,0,0,0,0,76,0,0,0,0,0,0,4,0,0,0,0,0,0,0,0,0,0,0,21,0,0,0,0,3,56,0,0,0,0,45,0,8,0,15,0,0,0,0,11,0,1,0,0
65,0,0,0,0,0,0,80,0,0,0,0,0,0,0,0,0,0,0,0,80,0,0,0,0,0,0,0,0,0,0,0,0,0,0,0,0,0,0,0,0,80,0,0,0,0,0,0,0,0,80,0,0,0,0,0,0,0,0,0,0,0,0,0,0,0,0,0,0,0,0,0,0,0,0,24,46,0,10,0,0,0,0,5,0,1,0,0,0,0,28,2,6,38,0,0,0,0,0,44,0,10,0,0,0,0,0,0,0,0,26,0,0,0,13,0,50,0,0,0,0,0,0,0,0,17,0,0,0,0,0,80,0,0,0,0,0,0,0,0,0,0,0,0,0,0,2,0,38,0,7,0,0,0,0,1,0,32,0,0,0,0,0,0,0,49,0,0,0,0,0,0,31,0,0,0,0,0,0,0,0,68,0,0,0,0,0,12,0,0,0,0,0,0,0,0,7,0,10,0,6,0,56,0,0,0,1,0,0,0,0,0,0,67,0,9,0,0,0,0,4,0,0,0,0,0,0,0,0,0,0,3,6,0,0,0,0,1,70,0,0,0,0,22,0,11,0,21,0,0,0,0,22,0,4,0,0
66,0,0,0,0,0,0,80,0,0,0,0,0,0,0,0,0,0,0,0,79,0,0,0,1,0,0,0,0,0,0,0,0,0,0,0,0,0,0,0,0,80,0,0,0,0,0,0,0,0,80,0,0,0,0,0,0,0,0,0,0,0,0,0,0,0,0,20,0,0,0,0,0,0,0,24,30,0,6,0,0,0,0,4,0,1,0,0,0,0,41,1,6,27,0,0,0,0,0,22,0,7,0,0,0,0,0,0,0,0,18,0,33,0,66,0,0,0,0,0,0,0,3,0,0,11,0,0,0,0,0,80,0,0,0,0,0,0,0,0,0,0,0,0,0,0,17,0,26,0,23,0,10,0,0,0,0,4,0,0,0,0,0,0,0,60,0,0,0,0,0,0,20,0,0,0,0,0,0,1,0,49,0,0,0,1,0,25,0,0,0,0,4,0,0,0,8,0,24,0,28,0,18,2,0,0,0,0,0,0,0,0,0,63,0,4,0,0,0,0,13,0,0,0,0,38,0,0,0,0,0,2,6,0,0,0,0,1,33,0,0,0,0,30,0,12,0,21,0,0,0,0,16,0,1,0,0
67,0,0,0,0,0,0,79,0,0,0,0,0,0,1,0,0,0,0,0,79,0,0,0,0,0,1,0,0,0,0,0,0,0,0,0,0,0,0,0,0,79,0,0,0,0,0,0,1,0,80,0,0,0,0,0,0,0,0,0,0,0,0,0,0,0,0,9,0,0,0,0,0,0,0,28,42,0,1,0,0,0,0,4,0,0,0,0,0,1,18,4,3,50,0,0,0,0,0,55,0,6,0,0,0,0,0,0,0,0,13,0,6,0,47,0,7,0,0,0,0,0,23,0,0,3,0,0,0,0,0,80,0,0,0,0,0,0,0,0,0,0,0,0,0,0,21,0,24,0,11,0,9,0,0,0,0,15,0,0,0,0,0,0,0,50,0,0,0,0,0,0,30,0,0,0,0,0,0,0,0,54,2,0,0,1,0,23,0,0,0,0,0,0,0,0,2,0,20,0,8,0,50,0,0,0,0,0,0,0,0,0,0,65,0,0,0,0,0,0,15,0,0,0,0,13,0,0,0,0,0,1,16,0,0,0,0,0,50,0,0,0,1,43,0,9,0,23,0,0,0,0,3,0,1,0,0
68,0,0,0,0,0,0,80,0,0,0,0,0,0,0,0,0,0,0,0,79,0,0,0,1,0,0,0,0,0,0,0,0,0,0,0,0,0,0,0,0,80,0,0,0,0,0,0,0,0,80,0,0,0,0,0,0,0,0,0,0,0,0,0,0,0,0,2,0,0,0,0,0,1,0,23,45,0,9,0,0,0,0,2,0,2,0,0,0,3,36,2,2,33,0,0,0,3,0,16,0,6,0,0,0,1,0,0,0,0,44,0,10,0,49,0,1,0,1,0,0,0,7,0,0,22,0,0,0,0,0,80,0,0,0,0,0,0,0,0,0,0,0,0,0,0,21,0,20,0,13,0,7,0,0,0,0,19,0,0,0,0,0,0,0,73,0,0,0,0,0,0,7,0,0,0,0,0,0,1,0,74,0,0,0,0,0,5,0,0,0,0,0,0,0,0,10,0,28,0,3,0,39,0,0,0,0,0,0,0,0,0,0,66,0,11,0,0,0,0,3,0,0,0,0,49,0,0,0,0,0,5,3,0,0,0,0,0,23,0,0,0,9,30,0,8,0,20,0,0,0,0,12,0,1,0,0
69,0,0,0,0,0,0,36,0,0,0,0,0,0,0,44,0,0,0,0,78,0,0,0,2,0,0,0,0,0,0,0,0,0,0,0,0,0,0,0,0,80,0,0,0,0,0,0,0,0,80,0,0,0,0,0,0,0,0,0,0,0,0,0,0,0,0,0,0,0,0,0,0,0,0,23,48,0,9,0,0,0,0,5,0,1,0,0,0,1,32,3,1,37,0,0,0,0,0,32,0,6,0,0,0,2,0,0,0,0,15,0,25,0,61,0,4,0,0,0,0,0,10,0,0,5,0,0,0,0,0,79,0,0,0,0,0,0,0,0,1,0,0,0,0,0,30,0,13,0,3,0,10,0,0,0,0,24,0,0,0,0,0,0,0,60,1,0,0,0,0,0,17,2,0,0,0,0,0,0,0,44,0,0,0,2,0,32,0,0,0,0,2,0,0,0,11,0,30,0,2,0,37,0,0,0,0,0,0,0,0,0,0,75,0,0,0,0,0,0,5,0,0,0,0,39,0,0,0,0,0,0,11,0,0,0,0,15,15,0,0,0,0,38,0,9,0,21,0,0,0,0,12,0,0,0,0
70,0,0,0,0,0,0,71,0,0,0,0,0,0,0,9,0,0,0,0,80,0,0,0,0,0,0,0,0,0,0,0,0,0,0,0,0,0,0,0,0,80,0,0,0,0,0,0,0,0,80,0,0,0,0,0,0,0,0,0,0,0,0,0,0,0,0,0,0,0,0,0,0,0,0,24,44,0,12,0,0,0,0,4,0,1,0,0,0,0,21,3,5,46,0,0,0,0,0,54,0,7,0,0,0,0,0,0,0,0,19,0,0,0,6,0,69,0,1,0,0,0,0,0,0,4,0,0,0,0,0,80,0,0,0,0,0,0,0,0,0,0,0,0,0,0,0,0,42,0,10,0,0,0,0,1,0,27,0,0,0,0,0,0,0,61,0,0,0,0,0,0,19,0,0,0,0,0,0,0,0,54,0,0,0,0,0,21,0,0,4,0,1,0,0,0,16,0,22,0,0,0,42,0,0,0,0,0,0,0,0,0,0,52,0,16,0,0,0,0,12,0,0,0,0,58,0,0,0,0,0,2,1,0,0,0,0,0,19,0,0,0,2,32,0,10,0,19,0,0,0,0,11,0,6,0,0
71,0,0,0,0,0,0,73,0,0,0,0,0,0,6,1,0,0,0,0,79,0,0,0,1,0,0,0,0,0,0,0,0,0,0,0,0,0,0,0,0,80,0,0,0,0,0,0,0,0,80,0,0,0,0,0,0,0,0,0,0,0,0,0,0,0,0,0,0,0,0,0,0,0,0,26,39,0,15,0,0,0,0,6,0,1,0,0,0,1,30,5,2,35,0,0,0,0,0,35,0,5,0,0,0,1,0,0,1,0,21,0,17,0,34,0,0,0,0,0,0,0,11,0,0,35,0,0,0,0,0,79,0,0,0,0,0,0,0,0,1,0,0,0,0,0,40,0,3,0,0,0,21,0,0,1,0,15,0,0,0,0,0,0,0,65,0,0,0,0,0,0,15,0,0,0,0,0,0,2,0,57,0,0,0,1,0,17,0,0,0,0,3,0,0,0,14,0,9,0,41,0,16,0,0,0,0,0,0,0,0,0,0,75,0,1,0,0,0,0,4,0,0,0,0,0,0,0,0,0,0,5,28,0,0,0,0,2,45,0,0,0,0,32,0,13,0,22,0,0,0,0,13,0,0,0,0
72,0,0,0,0,0,0,64,0,0,0,0,0,0,1,15,0,0,0,0,80,0,0,0,0,0,0,0,0,0,0,0,0,0,0,0,0,3,0,0,0,76,0,0,1,0,0,0,0,0,80,0,0,0,0,0,0,0,0,0,0,0,0,0,0,0,0,18,0,0,1,0,0,0,0,23,31,0,7,0,0,0,0,9,0,0,0,0,0,0,24,3,2,42,0,0,0,0,0,41,0,7,0,0,0,0,0,0,0,0,32,0,0,0,45,0,32,0,0,0,0,0,3,0,0,0,0,0,0,0,0,80,0,0,0,0,0,0,0,0,0,0,0,0,0,0,18,0,24,0,10,0,0,0,0,0,0,28,0,0,0,0,0,0,0,60,1,0,0,0,0,0,19,0,0,0,0,0,0,1,0,51,0,0,0,0,0,23,0,0,5,0,0,0,0,0,12,0,24,0,0,0,44,0,0,0,0,0,0,0,0,0,0,54,0,15,0,0,0,0,11,0,0,0,0,76,0,0,0,0,0,4,0,0,0,0,0,0,0,0,0,0,0,35,0,9,0,24,0,0,0,0,11,0,1,0,0
73,0,0,0,0,0,0,67,0,0,0,0,0,0,5,8,0,0,0,0,80,0,0,0,0,0,0,0,0,0,0,0,0,0,0,0,0,0,0,0,0,80,0,0,0,0,0,0,0,0,80,0,0,0,0,0,0,0,0,0,0,0,0,0,0,0,0,0,0,0,0,0,0,0,0,18,46,0,16,0,0,0,0,10,0,1,0,0,0,0,15,1,3,50,0,0,0,0,0,44,0,7,0,0,0,0,0,0,0,0,29,0,0,0,17,0,24,0,0,0,0,0,38,0,0,1,0,0,0,0,0,80,0,0,0,0,0,0,0,0,0,0,0,0,0,0,1,0,41,0,0,0,3,0,0,0,0,35,0,0,0,0,0,0,0,55,0,0,0,0,0,0,25,0,0,0,0,0,0,0,0,60,0,0,0,0,0,20,0,0,0,0,0,0,0,0,10,0,4,0,0,0,66,0,0,0,0,0,0,0,0,0,0,70,0,4,0,0,0,0,6,0,0,0,0,72,0,0,0,0,0,5,3,0,0,0,0,0,0,0,0,0,0,36,0,6,0,22,0,0,0,0,15,0,1,0,0
74,0,0,0,0,0,0,0,0,0,0,0,0,0,1,79,0,0,0,0,75,0,0,0,0,0,5,0,0,0,0,0,0,0,0,0,0,0,0,0,0,80,0,0,0,0,0,0,0,0,80,0,0,0,0,0,0,0,0,0,0,0,0,0,0,0,0,0,0,0,0,0,0,0,0,23,42,0,15,0,0,0,0,11,0,0,0,0,0,0,50,2,0,17,0,0,0,0,0,65,0,7,0,0,0,3,0,0,0,0,5,0,0,0,14,0,59,0,0,0,0,0,7,0,0,0,0,0,0,0,0,80,0,0,0,0,0,0,0,0,0,0,0,0,0,0,35,0,10,0,2,0,0,0,0,0,0,33,0,0,0,0,0,0,0,70,0,0,0,0,0,0,10,0,0,0,0,0,0,0,0,60,0,0,0,0,0,15,0,0,5,0,0,0,0,0,7,0,3,0,0,0,70,0,0,0,0,0,0,0,0,0,0,73,0,3,0,0,0,0,4,0,0,0,0,69,0,0,0,0,0,0,11,0,0,0,0,0,0,0,0,0,0,39,0,13,0,21,0,0,0,0,6,0,1,0,0
75,0,0,0,0,0,0,25,0,0,0,0,0,0,0,55,0,0,0,0,79,0,0,0,0,0,1,0,0,0,0,0,0,0,0,0,0,0,0,0,0,80,0,0,0,0,0,0,0,0,80,0,0,0,0,0,0,0,0,0,0,0,0,0,0,0,0,15,0,0,3,0,0,0,0,25,27,0,10,0,0,0,0,4,0,2,0,0,0,2,69,2,1,0,0,0,0,0,0,46,0,6,0,0,0,1,0,0,0,0,18,0,9,0,15,0,62,0,0,0,0,0,2,0,0,1,0,0,0,0,0,80,0,0,0,0,0,0,0,0,0,0,0,0,0,0,12,0,31,0,23,0,0,0,0,0,0,14,0,0,0,0,0,0,0,64,0,0,0,0,0,0,16,0,0,0,0,0,0,0,0,54,0,0,0,0,0,24,0,0,1,0,1,0,0,0,11,0,2,0,2,0,65,0,0,0,0,0,0,0,0,0,0,53,0,20,0,0,0,0,7,0,0,0,0,80,0,0,0,0,0,0,0,0,0,0,0,0,0,0,0,0,0,16,0,9,0,25,0,0,0,0,19,0,11,0,0
76,0,0,0,0,0,0,1,0,0,0,0,0,0,0,79,0,0,0,0,78,0,0,0,2,0,0,0,0,0,0,0,0,0,0,0,0,0,0,0,0,80,0,0,0,0,0,0,0,0,80,0,0,0,0,0,0,0,0,0,0,0,0,0,0,0,0,2,0,0,0,0,0,0,0,24,42,0,12,0,0,0,0,9,0,0,0,0,0,1,55,0,1,14,0,0,0,0,0,27,0,6,0,0,0,0,0,0,0,0,12,0,35,0,59,0,0,0,0,0,0,0,0,0,0,21,0,0,0,0,0,80,0,0,0,0,0,0,0,0,0,0,0,0,0,0,23,0,20,0,24,0,1,0,0,0,0,12,0,0,0,0,0,0,0,75,0,0,0,0,0,0,5,0,0,0,0,0,0,2,0,75,0,0,0,1,0,1,0,0,1,0,0,0,0,0,15,0,15,0,26,0,24,0,0,0,0,0,0,0,0,0,0,69,0,0,0,0,0,0,11,0,0,0,0,73,0,0,0,0,0,0,0,0,0,0,0,7,0,0,0,0,0,36,0,10,0,22,0,0,0,0,12,0,0,0,0
77,0,0,0,0,0,0,71,0,0,0,0,0,0,0,9,0,0,0,0,79,0,0,0,0,0,1,0,0,0,0,0,0,0,0,0,0,0,0,0,0,80,0,0,0,0,0,0,0,0,80,0,0,0,0,0,0,0,0,0,0,0,0,0,0,0,0,0,0,0,0,0,0,0,0,23,44,0,13,0,0,0,0,5,0,1,0,0,0,1,30,3,2,38,0,0,0,0,0,47,0,7,0,0,0,1,0,0,0,0,19,0,6,0,59,0,16,0,0,0,0,0,5,0,0,0,0,0,0,0,0,80,0,0,0,0,0,0,0,0,0,0,0,0,0,0,31,0,12,0,10,0,0,0,0,0,0,27,0,0,0,0,0,0,0,57,2,0,0,0,0,0,21,0,0,0,0,0,0,0,0,54,0,0,0,0,0,21,0,0,5,0,0,0,0,0,11,0,23,0,0,0,46,0,0,0,0,0,0,0,0,0,0,59,0,13,0,0,0,0,8,0,0,0,0,42,0,0,0,0,0,0,5,0,0,0,0,0,33,0,0,0,0,22,0,13,0,22,0,0,0,0,21,0,2,0,0
78,0,0,0,0,0,0,0,0,0,0,0,0,0,0,80,0,0,0,0,77,0,0,0,2,0,1,0,0,0,0,0,0,0,0,0,0,0,0,0,0,80,0,0,0,0,0,0,0,0,80,0,0,0,0,0,0,0,0,0,0,0,0,0,0,0,0,1,0,0,0,0,0,0,0,27,46,0,6,0,0,0,0,0,0,6,0,0,0,1,33,3,0,37,0,0,0,0,0,51,0,7,0,0,0,1,0,0,0,0,21,0,0,0,37,0,18,0,0,0,0,0,12,0,0,13,0,0,0,0,0,80,0,0,0,0,0,0,0,0,0,0,0,0,0,0,29,0,6,0,1,0,6,0,0,0,0,38,0,0,0,0,0,0,0,78,2,0,0,0,0,0,0,0,0,0,0,0,0,0,0,78,0,0,0,1,0,0,0,0,1,0,0,0,0,0,1,0,14,0,16,0,49,0,0,0,0,0,0,0,0,0,0,74,0,3,0,0,0,0,3,0,0,0,0,56,0,0,0,0,0,0,13,0,0,0,0,2,9,0,0,0,7,32,0,10,0,19,0,0,0,0,12,0,0,0,0
79,0,0,0,0,0,0,0,0,0,0,0,0,0,0,80,0,0,0,0,79,0,0,0,0,0,1,0,0,0,0,0,0,0,0,0,0,0,0,0,0,80,0,0,0,0,0,0,0,0,80,0,0,0,0,0,0,0,0,0,0,0,0,0,0,0,0,1,0,0,0,0,0,0,0,24,47,0,8,0,0,0,0,7,0,0,0,0,0,0,49,5,2,17,0,0,0,0,0,19,0,7,0,0,0,0,0,0,1,0,34,0,19,0,49,0,24,0,0,0,0,0,2,0,0,5,0,0,0,0,0,80,0,0,0,0,0,0,0,0,0,0,0,0,0,0,35,0,1,0,15,0,6,0,0,0,0,23,0,0,0,0,0,0,0,74,1,0,0,0,0,0,5,0,0,0,0,0,0,0,0,72,0,0,0,0,0,7,0,0,0,0,1,0,0,0,19,0,21,0,1,0,39,0,0,0,0,0,0,0,0,0,0,64,0,6,0,0,0,0,10,0,0,0,0,79,0,0,0,0,0,0,1,0,0,0,0,0,0,0,0,0,1,30,0,12,0,20,0,0,0,0,16,0,1,0,0
80,0,0,0,0,0,0,71,0,0,0,0,0,0,9,0,0,0,0,0,78,0,0,0,1,0,1,0,0,0,0,0,0,0,0,0,0,0,0,0,0,80,0,0,0,0,0,0,0,0,80,0,0,0,0,0,0,0,0,0,0,0,0,0,0,0,0,1,0,0,0,0,0,0,0,21,41,0,17,0,0,0,0,7,0,1,0,0,0,1,44,2,0,25,0,0,0,0,0,59,0,6,0,0,0,1,0,0,0,0,9,0,5,0,28,0,0,0,0,0,0,0,36,0,0,16,0,0,0,0,0,80,0,0,0,0,0,0,0,0,0,0,0,0,0,0,22,0,17,0,12,0,11,0,0,0,0,18,0,0,0,0,0,0,0,74,1,0,0,0,0,0,5,0,0,0,0,0,0,1,0,56,0,0,0,1,0,16,0,0,3,0,3,0,0,0,5,0,22,0,16,0,37,0,0,0,0,0,0,0,0,0,0,77,0,0,0,0,0,0,3,0,0,0,0,12,0,0,0,0,0,0,13,0,0,0,0,4,51,0,0,0,0,32,0,12,0,23,0,0,0,0,13,0,0,0,0
81,0,0,0,0,0,0,46,0,0,0,0,0,0,0,34,0,0,0,0,79,0,0,0,1,0,0,0,0,0,0,0,0,0,0,0,0,0,0,0,0,79,0,0,1,0,0,0,0,0,80,0,0,0,0,0,0,0,0,0,0,0,0,0,0,0,0,13,0,0,3,0,0,1,0,25,32,0,6,0,0,0,0,7,0,3,0,0,0,0,29,3,3,35,0,0,0,0,0,24,0,7,0,0,0,1,0,0,0,0,47,0,1,0,66,0,2,0,0,0,0,0,2,0,0,10,0,0,0,0,0,78,0,1,0,0,0,0,0,0,1,0,0,0,0,0,14,0,27,0,11,0,14,0,0,0,0,14,0,0,0,0,0,0,0,59,0,0,0,0,0,0,21,0,0,0,0,0,0,0,0,50,0,0,0,1,0,28,0,0,0,0,1,0,0,0,14,0,33,0,17,0,15,1,0,0,0,0,0,0,0,0,0,61,0,9,0,0,0,0,10,0,0,0,0,75,0,0,0,0,0,4,1,0,0,0,0,0,0,0,0,0,2,25,0,13,0,21,0,0,0,0,18,0,1,0,0
82,0,0,0,0,0,0,0,0,0,0,0,0,0,0,80,0,0,0,0,79,0,0,0,0,0,1,0,0,0,0,0,0,0,0,0,0,0,0,0,0,80,0,0,0,0,0,0,0,0,80,0,0,0,0,0,0,0,0,0,0,0,0,0,0,0,0,2,0,0,0,0,0,0,0,23,44,0,11,0,0,0,0,4,0,3,0,0,0,0,49,3,1,20,0,0,0,0,0,47,0,4,0,0,0,0,0,0,0,0,26,0,3,0,53,0,1,0,0,0,0,0,18,0,0,8,0,0,0,0,0,80,0,0,0,0,0,0,0,0,0,0,0,0,0,0,38,0,5,0,16,0,1,0,0,0,0,20,0,0,0,0,0,0,0,52,2,0,0,0,0,0,26,0,0,0,0,0,0,0,0,59,0,0,0,0,0,16,0,0,5,0,0,0,0,0,11,0,20,0,1,0,48,0,0,0,0,0,0,0,0,0,0,65,0,8,0,0,0,0,7,0,0,0,0,51,0,0,0,0,0,5,7,0,0,0,0,0,17,0,0,0,0,40,0,8,0,19,0,0,0,0,12,0,1,0,0
83,0,0,0,0,0,0,0,0,0,0,0,0,0,0,80,0,0,0,0,75,0,0,0,2,0,3,0,0,0,0,0,0,0,0,0,0,0,0,0,0,79,0,0,1,0,0,0,0,0,80,0,0,0,0,0,0,0,0,0,0,0,0,0,0,0,0,0,0,0,0,0,0,0,0,26,50,0,4,0,0,0,0,4,0,0,0,0,0,1,15,5,3,52,0,0,0,0,0,43,0,5,0,0,0,0,0,0,0,0,10,0,22,0,69,0,6,0,0,0,0,0,4,0,0,1,0,0,0,0,0,79,0,0,0,0,0,0,0,0,1,0,0,0,0,0,44,0,0,0,1,0,2,0,0,0,0,33,0,0,0,0,0,0,0,76,4,0,0,0,0,0,0,0,0,0,0,0,0,1,0,77,0,0,0,2,0,0,0,0,0,0,0,0,0,0,19,0,19,0,0,0,42,0,0,0,0,0,0,0,0,0,0,67,0,3,0,0,0,0,10,0,0,0,0,59,0,0,0,0,0,0,19,0,0,0,0,2,0,0,0,0,7,39,0,7,0,18,0,0,0,0,9,0,0,0,0
84,0,0,0,0,0,0,8,0,0,0,0,0,0,0,72,0,0,0,0,80,0,0,0,0,0,0,0,0,0,0,0,0,0,0,0,0,0,0,0,0,80,0,0,0,0,0,0,0,0,80,0,0,0,0,0,0,0,0,0,0,0,0,0,0,0,0,0,0,0,0,0,0,0,0,23,53,0,4,0,0,0,0,6,0,0,0,0,0,0,40,1,3,30,0,0,0,0,0,52,0,8,0,0,0,1,0,0,0,0,19,0,0,0,8,0,65,0,0,0,0,0,6,0,0,1,0,0,0,0,0,80,0,0,0,0,0,0,0,0,0,0,0,0,0,0,20,0,23,0,15,0,0,0,0,0,0,22,0,0,0,0,0,0,0,57,0,0,0,0,0,0,21,2,0,0,0,0,0,0,0,61,0,0,0,0,0,16,0,0,3,0,0,0,0,0,12,0,20,0,0,0,48,0,0,0,0,0,0,0,0,0,0,54,0,18,0,0,0,0,8,0,0,0,0,62,0,0,0,0,0,0,13,0,0,0,0,0,0,0,5,0,0,36,0,10,0,23,0,0,0,0,10,0,1,0,0
85,0,0,0,0,0,0,4,0,0,0,0,0,0,0,76,0,0,0,0,80,0,0,0,0,0,0,0,0,0,0,0,0,0,0,0,0,0,0,0,0,80,0,0,0,0,0,0,0,0,80,0,0,0,0,0,0,0,0,0,0,0,0,0,0,0,0,9,0,0,0,3,0,0,0,22,33,0,13,0,0,0,0,5,0,0,0,0,0,0,40,1,1,33,0,0,0,0,0,51,0,7,0,0,0,1,0,0,0,0,10,0,11,0,64,0,6,0,0,0,0,0,5,0,0,5,0,0,0,0,0,80,0,0,0,0,0,0,0,0,0,0,0,0,0,0,35,0,6,0,2,0,5,0,0,1,0,31,0,0,0,0,0,0,0,53,0,0,0,0,0,0,27,0,0,0,0,0,0,1,0,32,0,0,0,0,0,43,0,1,0,0,3,0,0,0,20,0,13,0,1,0,45,1,0,0,0,0,0,0,0,0,0,73,0,0,0,0,0,0,7,0,0,0,0,80,0,0,0,0,0,0,0,0,0,0,0,0,0,0,0,0,0,36,0,8,0,20,0,0,0,0,15,0,1,0,0
86,0,0,0,0,0,0,12,0,0,0,0,0,0,0,68,0,0,0,0,78,0,0,0,0,0,2,0,0,0,0,0,0,0,0,0,0,0,0,0,0,80,0,0,0,0,0,0,0,0,80,0,0,0,0,0,0,0,0,0,0,0,0,0,0,0,0,10,0,0,1,0,0,0,0,24,31,0,14,0,0,0,0,6,0,2,0,0,0,0,66,0,2,4,0,0,0,0,0,43,0,8,0,0,0,0,0,0,0,0,17,0,12,0,22,0,53,0,0,0,0,0,4,0,0,1,0,0,0,0,0,80,0,0,0,0,0,0,0,0,0,0,0,0,0,0,32,0,10,0,20,0,1,0,0,0,0,17,0,0,0,0,0,0,0,76,0,0,0,0,0,0,2,2,0,0,0,0,0,0,0,71,0,0,0,0,0,4,0,0,4,0,1,0,0,0,16,0,2,0,2,0,60,0,0,0,0,0,0,0,0,0,0,63,0,6,0,0,0,0,11,0,0,0,0,61,0,0,0,0,0,0,15,0,0,0,0,4,0,0,0,0,0,31,0,13,0,19,0,0,0,0,16,0,1,0,0
87,0,0,0,0,0,0,8,0,0,0,0,0,0,0,72,0,0,0,0,79,0,0,0,0,0,1,0,0,0,0,0,0,0,0,0,0,0,0,0,0,80,0,0,0,0,0,0,0,0,80,0,0,0,0,0,0,0,0,0,0,0,0,0,0,0,0,8,0,0,0,0,0,0,0,21,38,0,13,0,0,0,0,7,0,1,0,0,0,0,65,3,0,4,0,0,0,0,0,39,0,6,0,0,0,0,0,0,0,0,17,0,18,0,26,0,44,0,0,0,0,0,10,0,0,0,0,0,0,0,0,80,0,0,0,0,0,0,0,0,0,0,0,0,0,0,11,0,33,0,9,0,9,0,0,0,0,18,0,0,0,0,0,0,0,61,0,0,0,0,0,0,19,0,0,0,0,0,0,2,0,53,0,0,0,0,0,24,0,0,1,0,0,0,0,0,17,0,9,0,0,0,54,0,0,0,0,0,0,0,0,0,0,55,0,12,0,0,0,0,13,0,0,0,0,68,0,0,0,0,0,2,8,0,0,0,0,0,2,0,0,0,0,23,0,9,0,33,0,0,0,0,15,0,0,0,0
88,0,0,0,0,0,0,0,0,0,0,0,0,0,1,79,0,0,0,0,80,0,0,0,0,0,0,0,0,0,0,0,0,0,0,0,0,0,0,0,0,80,0,0,0,0,0,0,0,0,80,0,0,0,0,0,0,0,0,0,0,0,0,0,0,0,0,16,0,0,9,0,0,1,0,23,26,0,5,0,0,0,0,4,0,6,0,0,0,2,24,2,3,39,0,0,0,0,0,47,0,6,0,0,0,1,0,0,0,0,25,0,1,0,21,0,57,0,0,0,0,0,0,0,0,2,0,0,0,0,0,80,0,0,0,0,0,0,0,0,0,0,0,0,0,0,15,0,29,0,27,0,0,0,0,0,0,9,0,0,0,0,0,0,0,49,0,0,0,0,0,0,31,0,0,0,0,0,0,0,0,52,0,0,0,0,0,26,0,0,1,0,1,0,0,0,13,0,29,0,1,0,17,20,0,0,0,0,0,0,0,0,0,40,0,19,0,0,0,0,21,0,0,0,0,42,0,0,0,0,0,3,8,0,0,0,0,0,25,0,2,0,0,32,0,11,0,26,0,0,0,0,10,0,1,0,0
89,0,0,0,0,0,0,35,0,0,0,0,0,0,1,44,0,0,0,0,78,0,0,0,2,0,0,0,0,0,0,0,0,0,0,0,0,0,0,0,0,80,0,0,0,0,0,0,0,0,80,0,0,0,0,0,0,0,0,0,0,0,0,0,0,0,0,1,0,0,3,0,0,0,0,24,50,0,2,0,0,0,0,0,0,9,0,0,0,0,40,2,1,28,0,0,0,0,0,20,0,8,0,0,0,1,0,0,0,0,51,0,0,0,60,0,5,0,0,0,0,0,12,0,0,3,0,0,0,0,0,79,0,0,0,0,0,0,0,0,1,0,0,0,0,0,19,0,14,0,4,0,18,0,0,0,0,25,0,0,0,0,0,0,0,74,0,0,0,0,0,0,6,0,0,0,0,0,0,0,0,74,0,0,0,2,0,4,0,0,0,0,0,0,0,0,15,0,19,0,0,0,46,0,0,0,0,0,0,0,0,0,0,73,0,4,0,0,0,0,3,0,0,0,0,46,0,0,0,0,0,3,19,0,0,0,0,0,10,0,2,0,0,32,0,6,0,25,0,0,0,0,16,0,1,0,0
90,0,0,0,0,0,0,31,0,0,0,0,0,0,1,48,0,0,0,0,79,0,0,0,0,0,1,0,0,0,0,0,0,0,0,0,0,0,0,0,0,80,0,0,0,0,0,0,0,0,80,0,0,0,0,0,0,0,0,0,0,0,0,0,0,0,0,0,0,0,0,0,0,0,0,26,35,0,19,0,0,0,0,5,0,4,0,0,0,1,46,3,1,20,0,0,0,0,0,32,0,8,0,0,0,1,0,0,0,0,39,0,0,0,17,0,60,0,0,0,0,0,3,0,0,0,0,0,0,0,0,80,0,0,0,0,0,0,0,0,0,0,0,0,0,0,17,0,25,0,13,0,0,0,0,0,0,25,0,0,0,0,0,0,0,58,1,0,0,0,0,0,21,0,0,0,0,0,0,0,0,47,0,0,0,1,0,31,0,0,1,0,0,0,0,0,10,0,17,0,0,0,52,1,0,0,0,0,0,0,0,0,0,61,0,16,0,0,0,0,3,0,0,0,0,77,0,0,0,0,0,0,3,0,0,0,0,0,0,0,0,0,0,29,0,13,0,19,0,0,0,0,18,0,1,0,0
91,0,0,0,0,0,0,0,0,0,0,0,0,0,0,80,0,0,0,0,77,0,0,0,3,0,0,0,0,0,0,0,0,0,0,0,0,0,0,0,0,80,0,0,0,0,0,0,0,0,80,0,0,0,0,0,0,0,0,0,0,0,0,0,0,0,0,2,0,0,0,0,0,1,0,24,47,0,6,0,0,0,0,12,0,0,0,0,0,1,23,1,1,41,0,0,1,0,0,20,0,7,0,0,0,0,0,0,0,0,23,0,30,0,54,0,8,0,0,0,0,0,11,0,0,7,0,0,0,0,0,80,0,0,0,0,0,0,0,0,0,0,0,0,0,0,26,0,17,0,0,0,10,0,0,3,0,24,0,0,0,0,0,0,0,62,0,0,0,0,0,0,18,0,0,0,0,0,0,0,0,64,0,0,0,0,0,13,0,0,3,0,0,0,0,0,12,0,8,0,8,0,52,0,0,0,0,0,0,0,0,0,0,64,0,6,0,0,0,0,10,0,0,0,0,53,0,0,0,0,0,1,5,0,0,0,0,1,20,0,0,0,0,32,0,11,0,23,0,1,0,0,12,0,1,0,0
92,0,0,0,0,0,0,80,0,0,0,0,0,0,0,0,0,0,0,0,80,0,0,0,0,0,0,0,0,0,0,0,0,0,0,0,0,0,0,0,0,80,0,0,0,0,0,0,0,0,80,0,0,0,0,0,0,0,0,0,0,0,0,0,0,0,0,20,0,0,0,0,0,0,0,24,26,0,10,0,0,0,0,6,0,0,0,0,0,0,43,1,6,24,0,0,0,6,0,33,0,8,0,0,0,0,0,0,0,0,33,0,0,0,35,0,0,0,0,0,0,0,40,0,0,5,0,0,0,0,0,80,0,0,0,0,0,0,0,0,0,0,0,0,0,0,27,0,13,0,15,0,6,0,0,0,0,19,0,0,0,0,0,0,0,60,0,0,0,0,0,0,20,0,0,0,0,0,0,2,0,57,0,0,0,1,0,12,0,0,1,0,7,0,0,0,4,0,25,0,3,0,48,0,0,0,0,0,0,0,0,0,0,72,0,3,0,0,0,0,5,0,0,0,0,65,0,0,0,0,0,2,4,0,0,0,0,0,9,0,0,0,0,35,0,8,0,25,0,0,0,0,12,0,0,0,0
93,0,0,0,0,0,0,49,0,0,0,0,0,0,1,30,0,0,0,0,80,0,0,0,0,0,0,0,0,0,0,0,0,0,0,0,0,0,0,0,0,80,0,0,0,0,0,0,0,0,80,0,0,0,0,0,0,0,0,0,0,0,0,0,0,0,0,17,0,0,1,0,0,0,0,22,35,0,5,0,0,0,0,6,0,1,0,0,0,0,57,1,2,13,0,0,0,0,0,48,0,8,0,0,0,1,0,0,0,0,17,0,6,0,35,0,29,0,0,0,0,0,15,0,0,1,0,0,0,0,0,80,0,0,0,0,0,0,0,0,0,0,0,0,0,0,26,0,17,0,11,0,2,0,0,0,0,24,0,0,0,0,0,0,0,60,0,0,0,0,0,0,20,0,0,0,0,0,0,0,0,55,0,0,0,0,0,22,0,0,1,0,2,0,0,0,14,0,5,0,1,0,60,0,0,0,0,0,0,0,0,0,0,69,0,3,0,0,0,0,8,0,0,0,0,76,0,0,0,0,0,0,1,0,0,0,0,3,0,0,0,0,0,32,0,9,0,21,0,0,0,0,18,0,0,0,0
94,0,0,0,0,0,0,0,0,0,0,0,0,0,0,80,0,0,0,0,79,0,0,0,0,0,1,0,0,0,0,0,0,0,0,0,0,0,0,0,0,80,0,0,0,0,0,0,0,0,80,0,0,0,0,0,0,0,0,0,0,0,0,0,0,0,0,0,0,0,0,0,0,0,0,21,54,0,5,0,0,0,0,7,0,0,0,0,0,1,22,3,2,45,0,0,0,0,0,54,0,4,0,0,0,1,0,0,2,0,17,0,2,0,47,0,29,0,0,0,0,0,1,1,0,2,0,0,0,0,0,79,0,0,0,0,0,0,0,0,1,0,0,0,0,0,46,0,0,0,2,0,0,0,0,0,0,32,0,0,0,0,0,0,0,72,2,0,0,0,0,0,6,0,0,0,0,0,0,0,0,65,0,0,0,3,0,11,0,0,1,0,0,0,0,0,17,0,29,0,0,0,34,0,0,0,0,0,0,0,0,0,0,69,0,4,0,0,0,0,7,0,0,0,0,79,0,0,0,0,0,0,0,0,0,0,0,1,0,0,0,0,2,31,0,9,0,26,0,0,0,0,11,0,1,0,0
95,0,0,0,0,0,0,2,0,0,0,0,0,0,0,78,0,0,0,0,80,0,0,0,0,0,0,0,0,0,0,0,0,0,0,0,0,0,0,0,0,80,0,0,0,0,0,0,0,0,80,0,0,0,0,0,0,0,0,0,0,0,0,0,0,0,0,0,0,0,0,4,0,0,0,17,45,0,14,0,0,0,0,6,0,0,0,0,0,0,24,3,2,45,0,0,0,0,0,61,0,7,0,0,0,1,0,0,0,0,11,0,0,0,26,0,47,0,0,0,0,0,7,0,0,0,0,0,0,0,0,80,0,0,0,0,0,0,0,0,0,0,0,0,0,0,4,0,37,0,0,0,0,0,0,0,0,39,0,0,0,0,0,0,0,63,0,0,0,0,0,0,17,0,0,0,0,0,0,0,0,54,0,0,0,0,0,19,0,0,7,0,0,0,0,0,18,0,9,0,0,0,53,0,0,0,0,0,0,0,0,0,0,60,0,11,0,0,0,0,9,0,0,0,0,72,0,0,0,0,0,0,6,0,0,0,0,0,2,0,0,0,0,21,0,10,0,38,0,0,0,0,10,0,1,0,0
96,0,0,0,0,0,0,6,0,0,0,0,0,0,12,62,0,0,0,0,79,0,0,0,0,0,1,0,0,0,0,0,0,0,0,0,0,0,0,0,0,80,0,0,0,0,0,0,0,0,80,0,0,0,0,0,0,0,0,0,0,0,0,0,0,0,0,0,0,0,3,0,0,0,0,26,42,0,9,0,0,0,0,1,0,4,0,0,0,1,52,2,2,18,0,0,0,0,0,47,0,9,0,0,0,1,0,0,0,0,23,0,0,0,18,0,58,0,0,0,0,0,4,0,0,0,0,0,0,0,0,80,0,0,0,0,0,0,0,0,0,0,0,0,0,0,17,0,28,0,10,0,2,0,0,0,0,23,0,0,0,0,0,0,0,70,3,0,0,0,0,0,7,0,0,0,0,0,0,0,0,68,0,0,0,0,0,7,0,0,5,0,0,0,0,0,4,0,17,0,9,0,50,0,0,0,0,0,0,0,0,0,0,53,0,14,0,0,0,0,13,0,0,0,0,51,0,0,0,0,0,0,19,0,0,0,0,0,10,0,0,0,1,19,0,10,0,20,0,0,0,0,18,0,12,0,0
97,0,0,0,0,0,0,63,0,0,0,0,0,0,2,15,0,0,0,0,78,0,0,0,0,0,2,0,0,0,0,0,0,0,0,0,0,0,0,0,0,80,0,0,0,0,0,0,0,0,80,0,0,0,0,0,0,0,0,0,0,0,0,0,0,0,0,3,0,0,0,0,0,0,0,24,44,0,9,0,0,0,0,10,0,1,0,0,0,2,38,2,1,26,0,0,0,0,0,35,0,7,0,0,0,0,0,0,0,0,28,0,10,0,67,0,6,0,0,0,0,0,6,0,0,1,0,0,0,0,0,80,0,0,0,0,0,0,0,0,0,0,0,0,0,0,42,0,1,0,0,0,10,0,0,2,0,25,0,0,0,0,0,0,0,79,0,0,0,0,0,0,0,1,0,0,0,0,0,2,0,74,0,0,0,0,0,3,0,0,1,0,0,0,0,0,19,0,3,0,1,0,56,1,0,0,0,0,0,0,0,0,0,54,0,1,0,0,0,0,25,0,0,0,0,66,0,0,0,0,0,0,4,0,0,0,0,0,10,0,0,0,6,32,0,9,0,20,0,0,0,0,12,0,1,0,0
98,0,0,0,0,0,0,0,0,0,0,0,0,0,0,80,0,0,0,0,80,0,0,0,0,0,0,0,0,0,0,0,0,0,0,0,0,0,0,0,0,80,0,0,0,0,0,0,0,0,80,0,0,0,0,0,0,0,0,0,0,0,0,0,0,0,0,4,0,0,1,2,0,0,0,22,43,0,8,0,0,0,0,8,0,3,0,0,0,2,21,6,0,40,0,0,0,0,0,62,0,7,0,0,0,1,0,0,0,0,10,0,0,0,0,0,77,0,0,0,0,0,0,0,0,3,0,0,0,0,0,80,0,0,0,0,0,0,0,0,0,0,0,0,0,0,32,0,11,0,9,0,0,0,0,0,0,28,0,0,0,0,0,0,0,62,1,0,0,0,0,0,17,0,0,0,0,0,0,0,0,55,0,0,0,0,0,18,0,0,7,0,0,0,0,0,17,0,20,0,1,0,42,0,0,0,0,0,0,0,0,0,0,54,0,16,0,0,0,0,10,0,0,0,0,40,0,0,0,0,0,0,3,0,0,0,0,1,36,0,0,0,12,25,0,8,0,22,0,1,0,0,11,0,1,0,0
99,0,0,0,0,0,0,10,0,0,0,0,0,0,0,70,0,0,0,0,80,0,0,0,0,0,0,0,0,0,0,0,0,0,0,0,0,0,0,0,0,80,0,0,0,0,0,0,0,0,80,0,0,0,0,0,0,0,0,0,0,0,0,0,0,0,0,0,0,0,2,0,0,0,0,26,42,0,10,0,0,0,0,7,0,0,0,0,0,1,66,1,1,4,0,0,0,0,0,23,0,7,0,0,0,1,0,0,0,0,27,0,22,0,2,0,72,0,0,0,0,0,4,1,0,0,0,1,0,0,0,80,0,0,0,0,0,0,0,0,0,0,0,0,0,0,1,0,42,0,18,0,0,0,0,0,0,19,0,0,0,0,0,0,0,63,0,0,0,0,0,0,17,0,0,0,0,0,0,0,0,62,0,0,0,0,0,11,0,0,5,0,2,0,0,0,9,0,0,0,0,0,71,0,0,0,0,0,0,0,0,0,0,45,0,22,0,0,0,0,13,0,0,0,0,74,0,0,0,0,0,3,3,0,0,0,0,0,0,0,0,0,0,13,0,15,0,37,0,0,0,0,15,0,0,0,0
